{
  "num_blocks": 3163,
  "num_fills": 1426,
  "notional_traded": 222062.87599761493,
  "fill_rate": 0.2254189061018021,
  "pnl": 1.1953074187305308,
  "max_drawdown": -0.3808018426113882,
  "stop_trigger_count": 0,
  "pull_trigger_count": 0,
  "stop_trigger_rate": 0.0,
  "pull_trigger_rate": 0.0,
  "fills_when_stop": 0,
  "fills_when_pull": 0,
  "pnl_when_stop": 0.0,
  "pnl_when_pull": 0.0,
  "realized_spread_1s": 0.059409792236054304,
  "realized_spread_5s": 0.061653831506744285,
  "realized_spread_15s": 0.05800726769188435,
  "markout_1s": 0.0016129032258046657,
  "markout_5s": 0.0038569424964946452,
  "markout_15s": 0.00021037868163470956,
  "inventory": {
    "mean": 0.032302655706608174,
    "p10": -0.11299999999999921,
    "p90": 0.14970000000000036,
    "p95": 0.1645000000000002,
    "max_abs": 0.3253000000000005
  },
  "fee_breakdown": {
    "fees": 0.0,
    "rebates": 0.0,
    "funding": 0.0
  }
}