{
  "num_blocks": 3157,
  "num_fills": 1479,
  "notional_traded": 245477.41255059623,
  "fill_rate": 0.23424136838770984,
  "pnl": 3.9804991258970253,
  "max_drawdown": -1.020961924842125,
  "stop_trigger_count": 0,
  "pull_trigger_count": 0,
  "stop_trigger_rate": 0.0,
  "pull_trigger_rate": 0.0,
  "fills_when_stop": 0,
  "fills_when_pull": 0,
  "pnl_when_stop": 0.0,
  "pnl_when_pull": 0.0,
  "realized_spread_1s": 0.10975445347282867,
  "realized_spread_5s": 0.12927502055156662,
  "realized_spread_15s": 0.13115927480279024,
  "markout_1s": 0.01004736129905179,
  "markout_5s": 0.03001355013550456,
  "markout_15s": 0.03206779661017516,
  "inventory": {
    "mean": -0.06660286664554971,
    "p10": -0.16444999999999999,
    "p90": 0.07835999999999983,
    "p95": 0.11044999999999974,
    "max_abs": 0.36365000000000036
  },
  "fee_breakdown": {
    "fees": 0.0,
    "rebates": 0.0,
    "funding": 0.0
  }
}