{
  "num_blocks": 3126,
  "num_fills": 1307,
  "notional_traded": 210538.34554303426,
  "fill_rate": 0.20905310300703775,
  "pnl": 2.850763575829317,
  "max_drawdown": -0.42380711993898323,
  "stop_trigger_count": 0,
  "pull_trigger_count": 0,
  "stop_trigger_rate": 0.0,
  "pull_trigger_rate": 0.0,
  "fills_when_stop": 0,
  "fills_when_pull": 0,
  "pnl_when_stop": 0.0,
  "pnl_when_pull": 0.0,
  "realized_spread_1s": 0.07317081857409648,
  "realized_spread_5s": 0.08054489582970965,
  "realized_spread_15s": 0.08120574755009174,
  "markout_1s": 0.0011102603369151506,
  "markout_5s": 0.008467432950200771,
  "markout_15s": 0.00909439754413724,
  "inventory": {
    "mean": -0.0164440978886754,
    "p10": -0.14199999999999965,
    "p90": 0.13775000000000057,
    "p95": 0.16286250000000008,
    "max_abs": 0.30769999999999953
  },
  "fee_breakdown": {
    "fees": 0.0,
    "rebates": 0.0,
    "funding": 0.0
  }
}