{
  "num_blocks": 3164,
  "num_fills": 1167,
  "notional_traded": 183421.56344165935,
  "fill_rate": 0.18441845764854614,
  "pnl": 1.6008354331551198,
  "max_drawdown": -0.16078056705240207,
  "stop_trigger_count": 0,
  "pull_trigger_count": 0,
  "stop_trigger_rate": 0.0,
  "pull_trigger_rate": 0.0,
  "fills_when_stop": 0,
  "fills_when_pull": 0,
  "pnl_when_stop": 0.0,
  "pnl_when_pull": 0.0,
  "realized_spread_1s": 0.05841787748787636,
  "realized_spread_5s": 0.05825357035021626,
  "realized_spread_15s": 0.050622238201499005,
  "markout_1s": -0.00017137960582519203,
  "markout_5s": -0.00034305317323959044,
  "markout_15s": -0.007996560619093413,
  "inventory": {
    "mean": -0.03270164348925435,
    "p10": -0.14610000000000023,
    "p90": 0.09865000000000011,
    "p95": 0.12379999999999977,
    "max_abs": 0.2825000000000001
  },
  "fee_breakdown": {
    "fees": 0.0,
    "rebates": 0.0,
    "funding": 0.0
  }
}