{
  "num_blocks": 3135,
  "num_fills": 1283,
  "notional_traded": 152409.64125108044,
  "fill_rate": 0.20462519936204146,
  "pnl": 3.7023967494084222,
  "max_drawdown": -1.49025789574111,
  "stop_trigger_count": 0,
  "pull_trigger_count": 1013,
  "stop_trigger_rate": 0.0,
  "pull_trigger_rate": 0.3231259968102073,
  "fills_when_stop": 0,
  "fills_when_pull": 439,
  "pnl_when_stop": 0.0,
  "pnl_when_pull": 8.38422808624049,
  "realized_spread_1s": 0.17144377682465894,
  "realized_spread_5s": 0.2074147827259413,
  "realized_spread_15s": 0.234487801009563,
  "markout_1s": 0.03287831513260254,
  "markout_5s": 0.06871093749999098,
  "markout_15s": 0.09592795614721719,
  "inventory": {
    "mean": -0.0664692663476876,
    "p10": -0.17160000000000042,
    "p90": 0.059179999999999615,
    "p95": 0.10569999999999957,
    "max_abs": 0.4042
  },
  "fee_breakdown": {
    "fees": 0.0,
    "rebates": 0.0,
    "funding": 0.0
  }
}