{
  "num_blocks": 3190,
  "num_fills": 1311,
  "notional_traded": 185282.713245,
  "fill_rate": 0.2054858934169279,
  "pnl": 1.3445134693029468,
  "max_drawdown": -0.3036686068950214,
  "stop_trigger_count": 0,
  "pull_trigger_count": 0,
  "stop_trigger_rate": 0.0,
  "pull_trigger_rate": 0.0,
  "fills_when_stop": 0,
  "fills_when_pull": 0,
  "pnl_when_stop": 0.0,
  "pnl_when_pull": 0.0,
  "realized_spread_1s": 0.059549752603349056,
  "realized_spread_5s": 0.06024459580625557,
  "realized_spread_15s": 0.05403078613822779,
  "markout_1s": -0.0007633587786266485,
  "markout_5s": -7.639419404083598e-05,
  "markout_15s": -0.006321839080460815,
  "inventory": {
    "mean": 0.0766503605015679,
    "p10": -0.0306499999999997,
    "p90": 0.16200000000000034,
    "p95": 0.1801500000000001,
    "max_abs": 0.2982500000000009
  },
  "fee_breakdown": {
    "fees": 0.0,
    "rebates": 0.0,
    "funding": 0.0
  }
}