{
  "num_blocks": 3163,
  "num_fills": 1421,
  "notional_traded": 221690.1534723283,
  "fill_rate": 0.2246285172304774,
  "pnl": 1.1832305386355328,
  "max_drawdown": -0.24643357471069782,
  "stop_trigger_count": 0,
  "pull_trigger_count": 0,
  "stop_trigger_rate": 0.0,
  "pull_trigger_rate": 0.0,
  "fills_when_stop": 0,
  "fills_when_pull": 0,
  "pnl_when_stop": 0.0,
  "pnl_when_pull": 0.0,
  "realized_spread_1s": 0.05889269288870913,
  "realized_spread_5s": 0.059701982121646305,
  "realized_spread_15s": 0.05745004686479243,
  "markout_1s": 0.0010907811400404316,
  "markout_5s": 0.0019000703729776089,
  "markout_15s": -0.0003518648838762678,
  "inventory": {
    "mean": 0.03255502687322231,
    "p10": -0.117499999999999,
    "p90": 0.14953000000000083,
    "p95": 0.1631550000000006,
    "max_abs": 0.32070000000000065
  },
  "fee_breakdown": {
    "fees": 0.0,
    "rebates": 0.0,
    "funding": 0.0
  }
}