{
  "num_blocks": 3163,
  "num_fills": 1281,
  "notional_traded": 206449.2651576159,
  "fill_rate": 0.20249762883338604,
  "pnl": 1.4948454090070538,
  "max_drawdown": -0.151537432957094,
  "stop_trigger_count": 0,
  "pull_trigger_count": 0,
  "stop_trigger_rate": 0.0,
  "pull_trigger_rate": 0.0,
  "fills_when_stop": 0,
  "fills_when_pull": 0,
  "pnl_when_stop": 0.0,
  "pnl_when_pull": 0.0,
  "realized_spread_1s": 0.057066716299514784,
  "realized_spread_5s": 0.057658174671625775,
  "realized_spread_15s": 0.050979252212418925,
  "markout_1s": 0.001170960187351145,
  "markout_5s": 0.0017578124999992895,
  "markout_15s": -0.004925723221265335,
  "inventory": {
    "mean": -0.01710366740436293,
    "p10": -0.13525000000000004,
    "p90": 0.11444999999999995,
    "p95": 0.14174999999999996,
    "max_abs": 0.2484
  },
  "fee_breakdown": {
    "fees": 0.0,
    "rebates": 0.0,
    "funding": 0.0
  }
}