{
  "num_blocks": 3135,
  "num_fills": 1832,
  "notional_traded": 306924.9434620041,
  "fill_rate": 0.29218500797448166,
  "pnl": 4.877818642619591,
  "max_drawdown": -0.9931345128126412,
  "stop_trigger_count": 0,
  "pull_trigger_count": 0,
  "stop_trigger_rate": 0.0,
  "pull_trigger_rate": 0.0,
  "fills_when_stop": 0,
  "fills_when_pull": 0,
  "pnl_when_stop": 0.0,
  "pnl_when_pull": 0.0,
  "realized_spread_1s": 0.13556697730503886,
  "realized_spread_5s": 0.1564642621353348,
  "realized_spread_15s": 0.17365798327615017,
  "markout_1s": 0.022146368104860335,
  "markout_5s": 0.04297430289775829,
  "markout_15s": 0.0603448275862064,
  "inventory": {
    "mean": -0.05623043062200953,
    "p10": -0.17460000000000014,
    "p90": 0.10719999999999999,
    "p95": 0.1592500000000003,
    "max_abs": 0.54465
  },
  "fee_breakdown": {
    "fees": 0.0,
    "rebates": 0.0,
    "funding": 0.0
  }
}