{
  "num_blocks": 3164,
  "num_fills": 1164,
  "notional_traded": 183283.88537165933,
  "fill_rate": 0.18394437420986093,
  "pnl": 1.5602187449554672,
  "max_drawdown": -0.16145832225571954,
  "stop_trigger_count": 0,
  "pull_trigger_count": 0,
  "stop_trigger_rate": 0.0,
  "pull_trigger_rate": 0.0,
  "fills_when_stop": 0,
  "fills_when_pull": 0,
  "pnl_when_stop": 0.0,
  "pnl_when_pull": 0.0,
  "realized_spread_1s": 0.0582677517425691,
  "realized_spread_5s": 0.05784493811552082,
  "realized_spread_15s": 0.05122729571408689,
  "markout_1s": -0.0003436426116811922,
  "markout_5s": -0.000773860705070037,
  "markout_15s": -0.007413793103453294,
  "inventory": {
    "mean": -0.0314408027812897,
    "p10": -0.14587500000000017,
    "p90": 0.10384999999999975,
    "p95": 0.1322999999999997,
    "max_abs": 0.2825000000000001
  },
  "fee_breakdown": {
    "fees": 0.0,
    "rebates": 0.0,
    "funding": 0.0
  }
}