{
  "num_blocks": 3176,
  "num_fills": 1162,
  "notional_traded": 191553.09733662236,
  "fill_rate": 0.18293450881612092,
  "pnl": 1.6621297958633086,
  "max_drawdown": -0.6850233671754373,
  "stop_trigger_count": 0,
  "pull_trigger_count": 0,
  "stop_trigger_rate": 0.0,
  "pull_trigger_rate": 0.0,
  "fills_when_stop": 0,
  "fills_when_pull": 0,
  "pnl_when_stop": 0.0,
  "pnl_when_pull": 0.0,
  "realized_spread_1s": 0.07806686637170418,
  "realized_spread_5s": 0.08768189279581412,
  "realized_spread_15s": 0.08639448645674341,
  "markout_1s": 0.00581395348837836,
  "markout_5s": 0.015371329879111875,
  "markout_15s": 0.014025974025971112,
  "inventory": {
    "mean": -0.050626810453400506,
    "p10": -0.16024999999999998,
    "p90": 0.08885000000000001,
    "p95": 0.11477500000000003,
    "max_abs": 0.2809
  },
  "fee_breakdown": {
    "fees": 0.0,
    "rebates": 0.0,
    "funding": 0.0
  }
}