{
  "num_blocks": 3152,
  "num_fills": 1262,
  "notional_traded": 187082.13639609894,
  "fill_rate": 0.20019035532994925,
  "pnl": 1.936104250004723,
  "max_drawdown": -0.2146377655833719,
  "stop_trigger_count": 0,
  "pull_trigger_count": 186,
  "stop_trigger_rate": 0.0,
  "pull_trigger_rate": 0.05901015228426396,
  "fills_when_stop": 0,
  "fills_when_pull": 155,
  "pnl_when_stop": 0.0,
  "pnl_when_pull": 0.36400990559159535,
  "realized_spread_1s": 0.06336026115083643,
  "realized_spread_5s": 0.06906549094481158,
  "realized_spread_15s": 0.07030979347530275,
  "markout_1s": 0.001267828843106469,
  "markout_5s": 0.006973058637081616,
  "markout_15s": 0.008207771609834475,
  "inventory": {
    "mean": -0.0007410057106599214,
    "p10": -0.1286500000000001,
    "p90": 0.1371999999999999,
    "p95": 0.15700749999999994,
    "max_abs": 0.2708999999999999
  },
  "fee_breakdown": {
    "fees": 0.0,
    "rebates": 0.0,
    "funding": 0.0
  }
}