{
  "num_blocks": 3126,
  "num_fills": 1351,
  "notional_traded": 210620.86697838432,
  "fill_rate": 0.21609085092770314,
  "pnl": 2.8240867498038082,
  "max_drawdown": -0.42463271791506996,
  "stop_trigger_count": 0,
  "pull_trigger_count": 224,
  "stop_trigger_rate": 0.0,
  "pull_trigger_rate": 0.07165706973768395,
  "fills_when_stop": 0,
  "fills_when_pull": 192,
  "pnl_when_stop": 0.0,
  "pnl_when_pull": 0.20202654741781872,
  "realized_spread_1s": 0.07222189026560719,
  "realized_spread_5s": 0.08295000137773925,
  "realized_spread_15s": 0.08288756633895274,
  "markout_1s": 0.0011851851851935392,
  "markout_5s": 0.011897702001491142,
  "markout_15s": 0.011804008908694139,
  "inventory": {
    "mean": -0.01589664107485602,
    "p10": -0.13359999999999994,
    "p90": 0.12644999999999992,
    "p95": 0.1517500000000001,
    "max_abs": 0.31959999999999994
  },
  "fee_breakdown": {
    "fees": 0.0,
    "rebates": 0.0,
    "funding": 0.0
  }
}