{
  "num_blocks": 3151,
  "num_fills": 862,
  "notional_traded": 83956.13416478837,
  "fill_rate": 0.1367819739765154,
  "pnl": 0.6034989588606041,
  "max_drawdown": -0.7519420448563331,
  "stop_trigger_count": 0,
  "pull_trigger_count": 598,
  "stop_trigger_rate": 0.0,
  "pull_trigger_rate": 0.1897810218978102,
  "fills_when_stop": 0,
  "fills_when_pull": 99,
  "pnl_when_stop": 0.0,
  "pnl_when_pull": 0.5104272178129438,
  "realized_spread_1s": 0.08898893092482975,
  "realized_spread_5s": 0.09077845293752225,
  "realized_spread_15s": 0.0780458947979881,
  "markout_1s": 0.009291521486646078,
  "markout_5s": 0.011046511627899045,
  "markout_15s": -0.0016860465116350983,
  "inventory": {
    "mean": -0.040730149158997024,
    "p10": -0.1338999999999998,
    "p90": 0.09710000000000034,
    "p95": 0.12575000000000025,
    "max_abs": 0.28154999999999986
  },
  "fee_breakdown": {
    "fees": 0.0,
    "rebates": 0.0,
    "funding": 0.0
  }
}