{
  "num_blocks": 3104,
  "num_fills": 1431,
  "notional_traded": 226402.45552817255,
  "fill_rate": 0.23050902061855671,
  "pnl": 4.217209684208947,
  "max_drawdown": -0.5066175973758811,
  "stop_trigger_count": 0,
  "pull_trigger_count": 0,
  "stop_trigger_rate": 0.0,
  "pull_trigger_rate": 0.0,
  "fills_when_stop": 0,
  "fills_when_pull": 0,
  "pnl_when_stop": 0.0,
  "pnl_when_pull": 0.0,
  "realized_spread_1s": 0.09051117455940813,
  "realized_spread_5s": 0.10397827704477762,
  "realized_spread_15s": 0.10426735411926162,
  "markout_1s": 0.008811188811198606,
  "markout_5s": 0.02237394957983435,
  "markout_15s": 0.02259649122807611,
  "inventory": {
    "mean": -0.024277174613401807,
    "p10": -0.1445999999999995,
    "p90": 0.12395000000000032,
    "p95": 0.15150000000000036,
    "max_abs": 0.3101499999999998
  },
  "fee_breakdown": {
    "fees": 0.0,
    "rebates": 0.0,
    "funding": 0.0
  }
}