{
  "num_blocks": 3152,
  "num_fills": 1274,
  "notional_traded": 184783.06991175047,
  "fill_rate": 0.20209390862944163,
  "pnl": 2.106009737054852,
  "max_drawdown": -0.18786785201845047,
  "stop_trigger_count": 0,
  "pull_trigger_count": 186,
  "stop_trigger_rate": 0.0,
  "pull_trigger_rate": 0.05901015228426396,
  "fills_when_stop": 0,
  "fills_when_pull": 158,
  "pnl_when_stop": 0.0,
  "pnl_when_pull": 0.3358035369242635,
  "realized_spread_1s": 0.06278915639484471,
  "realized_spread_5s": 0.06900501590497056,
  "realized_spread_15s": 0.07092319846343893,
  "markout_1s": 0.0008241758241766808,
  "markout_5s": 0.007030636292220094,
  "markout_15s": 0.008929976396537729,
  "inventory": {
    "mean": -0.0047831535532992814,
    "p10": -0.13204999999999958,
    "p90": 0.1290000000000002,
    "p95": 0.15145000000000008,
    "max_abs": 0.2797499999999999
  },
  "fee_breakdown": {
    "fees": 0.0,
    "rebates": 0.0,
    "funding": 0.0
  }
}