{
  "num_blocks": 3183,
  "num_fills": 1337,
  "notional_traded": 209922.5361606664,
  "fill_rate": 0.21002199183160541,
  "pnl": 3.1526136407822585,
  "max_drawdown": -0.5018464418930954,
  "stop_trigger_count": 0,
  "pull_trigger_count": 171,
  "stop_trigger_rate": 0.0,
  "pull_trigger_rate": 0.05372290292177191,
  "fills_when_stop": 0,
  "fills_when_pull": 172,
  "pnl_when_stop": 0.0,
  "pnl_when_pull": 0.06371470168070248,
  "realized_spread_1s": 0.0982782290616621,
  "realized_spread_5s": 0.11962525395234846,
  "realized_spread_15s": 0.11948176728706765,
  "markout_1s": 0.009842814371261638,
  "markout_5s": 0.031161048689146344,
  "markout_15s": 0.03100600600600512,
  "inventory": {
    "mean": -0.053900267043669674,
    "p10": -0.15715000000000034,
    "p90": 0.08708999999999975,
    "p95": 0.11409999999999958,
    "max_abs": 0.3003499999999998
  },
  "fee_breakdown": {
    "fees": 0.0,
    "rebates": 0.0,
    "funding": 0.0
  }
}