{
  "num_blocks": 3178,
  "num_fills": 1373,
  "notional_traded": 178484.7658520918,
  "fill_rate": 0.2160163624921334,
  "pnl": 1.953809862389405,
  "max_drawdown": -0.35018845462823345,
  "stop_trigger_count": 0,
  "pull_trigger_count": 96,
  "stop_trigger_rate": 0.0,
  "pull_trigger_rate": 0.030207677784770296,
  "fills_when_stop": 0,
  "fills_when_pull": 88,
  "pnl_when_stop": 0.0,
  "pnl_when_pull": -0.1331881270635631,
  "realized_spread_1s": 0.07261683320841479,
  "realized_spread_5s": 0.07892261998187478,
  "realized_spread_15s": 0.07661031578592886,
  "markout_1s": 0.0028769118718101026,
  "markout_5s": 0.009153902261117761,
  "markout_15s": 0.006798245614030234,
  "inventory": {
    "mean": 0.06127989301447486,
    "p10": -0.07159999999999976,
    "p90": 0.16655500000000067,
    "p95": 0.18665000000000073,
    "max_abs": 0.28659999999999985
  },
  "fee_breakdown": {
    "fees": 0.0,
    "rebates": 0.0,
    "funding": 0.0
  }
}