{
  "num_blocks": 3163,
  "num_fills": 1433,
  "notional_traded": 221098.1926423283,
  "fill_rate": 0.22652545052165665,
  "pnl": 1.2811923489875623,
  "max_drawdown": -0.24636194187184673,
  "stop_trigger_count": 0,
  "pull_trigger_count": 59,
  "stop_trigger_rate": 0.0,
  "pull_trigger_rate": 0.018653177363262725,
  "fills_when_stop": 0,
  "fills_when_pull": 42,
  "pnl_when_stop": 0.0,
  "pnl_when_pull": -0.04892614075590712,
  "realized_spread_1s": 0.059097359801013286,
  "realized_spread_5s": 0.0603257797450105,
  "realized_spread_15s": 0.05866189971669043,
  "markout_1s": 0.0013607815771095597,
  "markout_5s": 0.00258379888268239,
  "markout_15s": 0.0009090909090999404,
  "inventory": {
    "mean": 0.03344399304457859,
    "p10": -0.10689999999999909,
    "p90": 0.15133000000000085,
    "p95": 0.16170000000000068,
    "max_abs": 0.30790000000000073
  },
  "fee_breakdown": {
    "fees": 0.0,
    "rebates": 0.0,
    "funding": 0.0
  }
}