{
  "num_blocks": 3151,
  "num_fills": 1391,
  "notional_traded": 205374.471459251,
  "fill_rate": 0.22072357981593144,
  "pnl": 3.0776658900195843,
  "max_drawdown": -0.3679244994685603,
  "stop_trigger_count": 0,
  "pull_trigger_count": 0,
  "stop_trigger_rate": 0.0,
  "pull_trigger_rate": 0.0,
  "fills_when_stop": 0,
  "fills_when_pull": 0,
  "pnl_when_stop": 0.0,
  "pnl_when_pull": 0.0,
  "realized_spread_1s": 0.08536658694725908,
  "realized_spread_5s": 0.09951310466119259,
  "realized_spread_15s": 0.09879264356609567,
  "markout_1s": 0.012131029517635577,
  "markout_5s": 0.026260806916418192,
  "markout_15s": 0.025540345821321257,
  "inventory": {
    "mean": 0.033598952713424696,
    "p10": -0.10595000000000002,
    "p90": 0.14480000000000012,
    "p95": 0.17600000000000063,
    "max_abs": 0.2897999999999996
  },
  "fee_breakdown": {
    "fees": 0.0,
    "rebates": 0.0,
    "funding": 0.0
  }
}