{
  "num_blocks": 3125,
  "num_fills": 942,
  "notional_traded": 102882.69161418617,
  "fill_rate": 0.15072,
  "pnl": 1.1013534463336931,
  "max_drawdown": -1.4277744343524734,
  "stop_trigger_count": 0,
  "pull_trigger_count": 726,
  "stop_trigger_rate": 0.0,
  "pull_trigger_rate": 0.23232,
  "fills_when_stop": 0,
  "fills_when_pull": 178,
  "pnl_when_stop": 0.0,
  "pnl_when_pull": 0.48087144870108445,
  "realized_spread_1s": 0.10563317500444654,
  "realized_spread_5s": 0.10966714528044846,
  "realized_spread_15s": 0.10893352906927109,
  "markout_1s": 0.00859872611465586,
  "markout_5s": 0.012632696390657788,
  "markout_15s": 0.011849096705633852,
  "inventory": {
    "mean": -0.06450371200000002,
    "p10": -0.14864999999999992,
    "p90": 0.04709999999999997,
    "p95": 0.08375000000000009,
    "max_abs": 0.38860000000000006
  },
  "fee_breakdown": {
    "fees": 0.0,
    "rebates": 0.0,
    "funding": 0.0
  }
}