{
  "num_blocks": 3176,
  "num_fills": 1164,
  "notional_traded": 190955.31633571396,
  "fill_rate": 0.18324937027707808,
  "pnl": 1.6409135384649671,
  "max_drawdown": -0.6838100969620722,
  "stop_trigger_count": 0,
  "pull_trigger_count": 0,
  "stop_trigger_rate": 0.0,
  "pull_trigger_rate": 0.0,
  "fills_when_stop": 0,
  "fills_when_pull": 0,
  "pnl_when_stop": 0.0,
  "pnl_when_pull": 0.0,
  "realized_spread_1s": 0.07827655361784024,
  "realized_spread_5s": 0.08718588953237258,
  "realized_spread_15s": 0.08564013125111315,
  "markout_1s": 0.006061908856412259,
  "markout_5s": 0.014913793103458233,
  "markout_15s": 0.013310285220394515,
  "inventory": {
    "mean": -0.05019337216624686,
    "p10": -0.15944999999999998,
    "p90": 0.08885000000000004,
    "p95": 0.11581250000000004,
    "max_abs": 0.28054999999999997
  },
  "fee_breakdown": {
    "fees": 0.0,
    "rebates": 0.0,
    "funding": 0.0
  }
}