{
  "num_blocks": 3104,
  "num_fills": 1447,
  "notional_traded": 212175.8130439468,
  "fill_rate": 0.23308634020618557,
  "pnl": 3.340903402054802,
  "max_drawdown": -0.5663754587796257,
  "stop_trigger_count": 0,
  "pull_trigger_count": 174,
  "stop_trigger_rate": 0.0,
  "pull_trigger_rate": 0.05605670103092784,
  "fills_when_stop": 0,
  "fills_when_pull": 161,
  "pnl_when_stop": 0.0,
  "pnl_when_pull": -0.7064564663708313,
  "realized_spread_1s": 0.09022896894170782,
  "realized_spread_5s": 0.1111641891202922,
  "realized_spread_15s": 0.1092096385077784,
  "markout_1s": 0.009197786998626434,
  "markout_5s": 0.030228531855960465,
  "markout_15s": 0.028209576682868342,
  "inventory": {
    "mean": -0.019093315077319404,
    "p10": -0.14699999999999996,
    "p90": 0.1293050000000004,
    "p95": 0.1521000000000002,
    "max_abs": 0.2892999999999999
  },
  "fee_breakdown": {
    "fees": 0.0,
    "rebates": 0.0,
    "funding": 0.0
  }
}