{
  "num_blocks": 3135,
  "num_fills": 1831,
  "notional_traded": 306225.62319367664,
  "fill_rate": 0.2920255183413078,
  "pnl": 4.815217976011055,
  "max_drawdown": -1.0278490317380151,
  "stop_trigger_count": 0,
  "pull_trigger_count": 0,
  "stop_trigger_rate": 0.0,
  "pull_trigger_rate": 0.0,
  "fills_when_stop": 0,
  "fills_when_pull": 0,
  "pnl_when_stop": 0.0,
  "pnl_when_pull": 0.0,
  "realized_spread_1s": 0.13457548385001514,
  "realized_spread_5s": 0.15269318131593515,
  "realized_spread_15s": 0.16523720451562396,
  "markout_1s": 0.021120218579234774,
  "markout_5s": 0.039168490153173315,
  "markout_15s": 0.051889375684556906,
  "inventory": {
    "mean": -0.05709940988835732,
    "p10": -0.17580000000000023,
    "p90": 0.10591000000000002,
    "p95": 0.15811000000000008,
    "max_abs": 0.5458500000000001
  },
  "fee_breakdown": {
    "fees": 0.0,
    "rebates": 0.0,
    "funding": 0.0
  }
}