{
  "num_blocks": 3172,
  "num_fills": 1240,
  "notional_traded": 192328.4603428517,
  "fill_rate": 0.19546027742749053,
  "pnl": 1.983902859284979,
  "max_drawdown": -0.34840143647029875,
  "stop_trigger_count": 0,
  "pull_trigger_count": 142,
  "stop_trigger_rate": 0.0,
  "pull_trigger_rate": 0.04476670870113493,
  "fills_when_stop": 0,
  "fills_when_pull": 111,
  "pnl_when_stop": 0.0,
  "pnl_when_pull": 0.26215370475048677,
  "realized_spread_1s": 0.061041744860389255,
  "realized_spread_5s": 0.05746507562752514,
  "realized_spread_15s": 0.062483236561743837,
  "markout_1s": -0.0017741935483906175,
  "markout_5s": -0.005371567043627629,
  "markout_15s": -0.00036378334681473124,
  "inventory": {
    "mean": 0.015665573770492026,
    "p10": -0.1122999999999997,
    "p90": 0.13985000000000014,
    "p95": 0.14860000000000015,
    "max_abs": 0.27979999999999966
  },
  "fee_breakdown": {
    "fees": 0.0,
    "rebates": 0.0,
    "funding": 0.0
  }
}