{
  "num_blocks": 3190,
  "num_fills": 1019,
  "notional_traded": 99540.13343499988,
  "fill_rate": 0.159717868338558,
  "pnl": 0.9470188861569488,
  "max_drawdown": -0.45291964077915764,
  "stop_trigger_count": 0,
  "pull_trigger_count": 557,
  "stop_trigger_rate": 0.0,
  "pull_trigger_rate": 0.17460815047021944,
  "fills_when_stop": 0,
  "fills_when_pull": 68,
  "pnl_when_stop": 0.0,
  "pnl_when_pull": 0.9322038527458891,
  "realized_spread_1s": 0.05953848321255705,
  "realized_spread_5s": 0.05944025138544783,
  "realized_spread_15s": 0.05661101074914804,
  "markout_1s": -0.0023575638506899456,
  "markout_5s": -0.0024557956777991603,
  "markout_15s": -0.005320197044335961,
  "inventory": {
    "mean": 0.05117324451410713,
    "p10": -0.06644999999999925,
    "p90": 0.14525000000000046,
    "p95": 0.16010000000000052,
    "max_abs": 0.3093500000000008
  },
  "fee_breakdown": {
    "fees": 0.0,
    "rebates": 0.0,
    "funding": 0.0
  }
}