{
  "num_blocks": 3172,
  "num_fills": 1230,
  "notional_traded": 197632.78317902848,
  "fill_rate": 0.19388398486759142,
  "pnl": 1.5439747887123134,
  "max_drawdown": -0.37385723280028554,
  "stop_trigger_count": 0,
  "pull_trigger_count": 0,
  "stop_trigger_rate": 0.0,
  "pull_trigger_rate": 0.0,
  "fills_when_stop": 0,
  "fills_when_pull": 0,
  "pnl_when_stop": 0.0,
  "pnl_when_pull": 0.0,
  "realized_spread_1s": 0.06154369321940007,
  "realized_spread_5s": 0.059396861399393444,
  "realized_spread_15s": 0.06636705428327176,
  "markout_1s": -0.001341463414639766,
  "markout_5s": -0.0034987794955364353,
  "markout_15s": 0.0034609120521083762,
  "inventory": {
    "mean": 0.010431683480454007,
    "p10": -0.12224999999999993,
    "p90": 0.13474999999999998,
    "p95": 0.15474000000000002,
    "max_abs": 0.27574999999999994
  },
  "fee_breakdown": {
    "fees": 0.0,
    "rebates": 0.0,
    "funding": 0.0
  }
}