{
  "num_blocks": 3104,
  "num_fills": 1463,
  "notional_traded": 225787.6075226069,
  "fill_rate": 0.23566365979381443,
  "pnl": 4.153640771999701,
  "max_drawdown": -0.42197903123928393,
  "stop_trigger_count": 0,
  "pull_trigger_count": 174,
  "stop_trigger_rate": 0.0,
  "pull_trigger_rate": 0.05605670103092784,
  "fills_when_stop": 0,
  "fills_when_pull": 169,
  "pnl_when_stop": 0.0,
  "pnl_when_pull": 0.2272786424139629,
  "realized_spread_1s": 0.08834834351493584,
  "realized_spread_5s": 0.10312690288960642,
  "realized_spread_15s": 0.10251563364367262,
  "markout_1s": 0.007660738714098561,
  "markout_5s": 0.022534246575343773,
  "markout_15s": 0.021859986273168968,
  "inventory": {
    "mean": -0.015454639175257646,
    "p10": -0.13385000000000005,
    "p90": 0.12875000000000023,
    "p95": 0.15680000000000013,
    "max_abs": 0.2940499999999999
  },
  "fee_breakdown": {
    "fees": 0.0,
    "rebates": 0.0,
    "funding": 0.0
  }
}