{
  "num_blocks": 3178,
  "num_fills": 1368,
  "notional_traded": 189850.35249148667,
  "fill_rate": 0.21522970421648835,
  "pnl": 2.2244897736431968,
  "max_drawdown": -0.3322496589774782,
  "stop_trigger_count": 0,
  "pull_trigger_count": 0,
  "stop_trigger_rate": 0.0,
  "pull_trigger_rate": 0.0,
  "fills_when_stop": 0,
  "fills_when_pull": 0,
  "pnl_when_stop": 0.0,
  "pnl_when_pull": 0.0,
  "realized_spread_1s": 0.07457596850370654,
  "realized_spread_5s": 0.08376275615890903,
  "realized_spread_15s": 0.07895812539476824,
  "markout_1s": 0.004751461988301102,
  "markout_5s": 0.013909224011709702,
  "markout_15s": 0.009060895084369304,
  "inventory": {
    "mean": 0.05176908432976764,
    "p10": -0.08470499999999995,
    "p90": 0.155100000000001,
    "p95": 0.18115000000000092,
    "max_abs": 0.27640000000000053
  },
  "fee_breakdown": {
    "fees": 0.0,
    "rebates": 0.0,
    "funding": 0.0
  }
}