{
  "num_blocks": 3125,
  "num_fills": 1534,
  "notional_traded": 236622.3501026611,
  "fill_rate": 0.24544,
  "pnl": 4.056907075375106,
  "max_drawdown": -0.4518621185311714,
  "stop_trigger_count": 0,
  "pull_trigger_count": 150,
  "stop_trigger_rate": 0.0,
  "pull_trigger_rate": 0.048,
  "fills_when_stop": 0,
  "fills_when_pull": 147,
  "pnl_when_stop": 0.0,
  "pnl_when_pull": -0.0027698875574681536,
  "realized_spread_1s": 0.09176951125695383,
  "realized_spread_5s": 0.11245067249879741,
  "realized_spread_15s": 0.11056461807195321,
  "markout_1s": 0.010560625814866541,
  "markout_5s": 0.031201044386420126,
  "markout_15s": 0.02929457870672668,
  "inventory": {
    "mean": -0.0002803359999998861,
    "p10": -0.13111000000000003,
    "p90": 0.1322100000000001,
    "p95": 0.1555000000000001,
    "max_abs": 0.31355000000000005
  },
  "fee_breakdown": {
    "fees": 0.0,
    "rebates": 0.0,
    "funding": 0.0
  }
}