{
  "num_blocks": 3176,
  "num_fills": 1160,
  "notional_traded": 191559.36217753074,
  "fill_rate": 0.18261964735516373,
  "pnl": 1.7282740428600931,
  "max_drawdown": -0.6921227026466403,
  "stop_trigger_count": 0,
  "pull_trigger_count": 0,
  "stop_trigger_rate": 0.0,
  "pull_trigger_rate": 0.0,
  "fills_when_stop": 0,
  "fills_when_pull": 0,
  "pnl_when_stop": 0.0,
  "pnl_when_pull": 0.0,
  "realized_spread_1s": 0.07880554948882518,
  "realized_spread_5s": 0.0903422420913075,
  "realized_spread_15s": 0.08992682728320674,
  "markout_1s": 0.006514236410705313,
  "markout_5s": 0.017993079584784293,
  "markout_15s": 0.017519514310490654,
  "inventory": {
    "mean": -0.05078186397984887,
    "p10": -0.16124999999999998,
    "p90": 0.08885000000000001,
    "p95": 0.11465,
    "max_abs": 0.2829499999999999
  },
  "fee_breakdown": {
    "fees": 0.0,
    "rebates": 0.0,
    "funding": 0.0
  }
}