{
  "num_blocks": 3126,
  "num_fills": 1311,
  "notional_traded": 213494.17981546343,
  "fill_rate": 0.20969289827255277,
  "pnl": 2.840809796831699,
  "max_drawdown": -0.44627070212025566,
  "stop_trigger_count": 0,
  "pull_trigger_count": 0,
  "stop_trigger_rate": 0.0,
  "pull_trigger_rate": 0.0,
  "fills_when_stop": 0,
  "fills_when_pull": 0,
  "pnl_when_stop": 0.0,
  "pnl_when_pull": 0.0,
  "realized_spread_1s": 0.07285413321111882,
  "realized_spread_5s": 0.07867755118912592,
  "realized_spread_15s": 0.07696468544564278,
  "markout_1s": 0.0009541984732911211,
  "markout_5s": 0.006760886172659494,
  "markout_15s": 0.004980842911884364,
  "inventory": {
    "mean": -0.016291122840690758,
    "p10": -0.14685000000000004,
    "p90": 0.13875000000000007,
    "p95": 0.16133750000000038,
    "max_abs": 0.3067499999999995
  },
  "fee_breakdown": {
    "fees": 0.0,
    "rebates": 0.0,
    "funding": 0.0
  }
}