{
  "num_blocks": 3101,
  "num_fills": 1388,
  "notional_traded": 212027.34536425807,
  "fill_rate": 0.22379877458884231,
  "pnl": 3.3631972324582247,
  "max_drawdown": -0.4255373352926626,
  "stop_trigger_count": 0,
  "pull_trigger_count": 216,
  "stop_trigger_rate": 0.0,
  "pull_trigger_rate": 0.06965495001612383,
  "fills_when_stop": 0,
  "fills_when_pull": 196,
  "pnl_when_stop": 0.0,
  "pnl_when_pull": 0.5138138084879436,
  "realized_spread_1s": 0.07855056208166589,
  "realized_spread_5s": 0.09396408087191858,
  "realized_spread_15s": 0.09219204918423847,
  "markout_1s": 0.004214697406349493,
  "markout_5s": 0.0196106705119049,
  "markout_15s": 0.017821067821078847,
  "inventory": {
    "mean": -0.0034407610448243106,
    "p10": -0.12880000000000016,
    "p90": 0.13674999999999987,
    "p95": 0.16499999999999979,
    "max_abs": 0.32025000000000003
  },
  "fee_breakdown": {
    "fees": 0.0,
    "rebates": 0.0,
    "funding": 0.0
  }
}