{
  "num_blocks": 3195,
  "num_fills": 1316,
  "notional_traded": 175743.03146237318,
  "fill_rate": 0.20594679186228482,
  "pnl": 1.2426244543707916,
  "max_drawdown": -0.33273439662273496,
  "stop_trigger_count": 0,
  "pull_trigger_count": 76,
  "stop_trigger_rate": 0.0,
  "pull_trigger_rate": 0.02378716744913928,
  "fills_when_stop": 0,
  "fills_when_pull": 68,
  "pnl_when_stop": 0.0,
  "pnl_when_pull": -0.14126863915683208,
  "realized_spread_1s": 0.060276023696005446,
  "realized_spread_5s": 0.06146344837157561,
  "realized_spread_15s": 0.05640744185852529,
  "markout_1s": -0.0007984790874543389,
  "markout_5s": 0.00038051750380586717,
  "markout_15s": -0.004683929931458909,
  "inventory": {
    "mean": 0.0700949608763699,
    "p10": -0.046999999999999154,
    "p90": 0.15645000000000062,
    "p95": 0.17259500000000064,
    "max_abs": 0.28640000000000065
  },
  "fee_breakdown": {
    "fees": 0.0,
    "rebates": 0.0,
    "funding": 0.0
  }
}