{
  "num_blocks": 3152,
  "num_fills": 1232,
  "notional_traded": 190612.40945120316,
  "fill_rate": 0.19543147208121828,
  "pnl": 2.2085480570980596,
  "max_drawdown": -0.2783942526602612,
  "stop_trigger_count": 0,
  "pull_trigger_count": 0,
  "stop_trigger_rate": 0.0,
  "pull_trigger_rate": 0.0,
  "fills_when_stop": 0,
  "fills_when_pull": 0,
  "pnl_when_stop": 0.0,
  "pnl_when_pull": 0.0,
  "realized_spread_1s": 0.06487207763270093,
  "realized_spread_5s": 0.06962045425607231,
  "realized_spread_15s": 0.07589147005969522,
  "markout_1s": 0.0023133116883112454,
  "markout_5s": 0.007061688311682628,
  "markout_15s": 0.01332250203086633,
  "inventory": {
    "mean": 0.0023268718274112236,
    "p10": -0.13135000000000005,
    "p90": 0.14385000000000003,
    "p95": 0.16325000000000012,
    "max_abs": 0.27790000000000004
  },
  "fee_breakdown": {
    "fees": 0.0,
    "rebates": 0.0,
    "funding": 0.0
  }
}