{
  "num_blocks": 3152,
  "num_fills": 1368,
  "notional_traded": 211500.08559732884,
  "fill_rate": 0.217005076142132,
  "pnl": 1.3339564837699494,
  "max_drawdown": -0.2586014945588986,
  "stop_trigger_count": 0,
  "pull_trigger_count": 64,
  "stop_trigger_rate": 0.0,
  "pull_trigger_rate": 0.02030456852791878,
  "fills_when_stop": 0,
  "fills_when_pull": 46,
  "pnl_when_stop": 0.0,
  "pnl_when_pull": 0.04102494803318801,
  "realized_spread_1s": 0.06047233190258096,
  "realized_spread_5s": 0.06288461260433781,
  "realized_spread_15s": 0.06106521583229157,
  "markout_1s": 0.002302631578945108,
  "markout_5s": 0.004714912280701954,
  "markout_15s": 0.002889539136802091,
  "inventory": {
    "mean": 0.008159406725888734,
    "p10": -0.12980000000000003,
    "p90": 0.14411500000000024,
    "p95": 0.16310000000000055,
    "max_abs": 0.31180000000000024
  },
  "fee_breakdown": {
    "fees": 0.0,
    "rebates": 0.0,
    "funding": 0.0
  }
}