{
  "num_blocks": 3152,
  "num_fills": 1231,
  "notional_traded": 191807.3007597706,
  "fill_rate": 0.1952728426395939,
  "pnl": 2.2975977229491282,
  "max_drawdown": -0.2256074546238387,
  "stop_trigger_count": 0,
  "pull_trigger_count": 186,
  "stop_trigger_rate": 0.0,
  "pull_trigger_rate": 0.05901015228426396,
  "fills_when_stop": 0,
  "fills_when_pull": 154,
  "pnl_when_stop": 0.0,
  "pnl_when_pull": 0.694504379253548,
  "realized_spread_1s": 0.06380151419074748,
  "realized_spread_5s": 0.06924424367896459,
  "realized_spread_15s": 0.07191998695590618,
  "markout_1s": 0.0012185215272143863,
  "markout_5s": 0.006661251015431503,
  "markout_15s": 0.00931651749389696,
  "inventory": {
    "mean": -0.00041243654822327273,
    "p10": -0.13910000000000014,
    "p90": 0.14199999999999996,
    "p95": 0.16794999999999996,
    "max_abs": 0.27649999999999997
  },
  "fee_breakdown": {
    "fees": 0.0,
    "rebates": 0.0,
    "funding": 0.0
  }
}