{
  "num_blocks": 3151,
  "num_fills": 1403,
  "notional_traded": 198619.49221603747,
  "fill_rate": 0.22262773722627738,
  "pnl": 2.6603903072618325,
  "max_drawdown": -0.3842136704389988,
  "stop_trigger_count": 0,
  "pull_trigger_count": 101,
  "stop_trigger_rate": 0.0,
  "pull_trigger_rate": 0.032053316407489686,
  "fills_when_stop": 0,
  "fills_when_pull": 107,
  "pnl_when_stop": 0.0,
  "pnl_when_pull": 0.016932718505949296,
  "realized_spread_1s": 0.08376957168846613,
  "realized_spread_5s": 0.09600797852538043,
  "realized_spread_15s": 0.09307940709680972,
  "markout_1s": 0.010813704496784503,
  "markout_5s": 0.023035714285704865,
  "markout_15s": 0.020107142857134153,
  "inventory": {
    "mean": 0.03959316090130144,
    "p10": -0.10319999999999976,
    "p90": 0.14795000000000055,
    "p95": 0.17032500000000034,
    "max_abs": 0.26944999999999975
  },
  "fee_breakdown": {
    "fees": 0.0,
    "rebates": 0.0,
    "funding": 0.0
  }
}