{
  "num_blocks": 3125,
  "num_fills": 1521,
  "notional_traded": 230391.32206568398,
  "fill_rate": 0.24336,
  "pnl": 3.488654843740604,
  "max_drawdown": -0.49216377119960764,
  "stop_trigger_count": 0,
  "pull_trigger_count": 150,
  "stop_trigger_rate": 0.0,
  "pull_trigger_rate": 0.048,
  "fills_when_stop": 0,
  "fills_when_pull": 148,
  "pnl_when_stop": 0.0,
  "pnl_when_pull": -0.5894689545532339,
  "realized_spread_1s": 0.09235159886063266,
  "realized_spread_5s": 0.11282900544674086,
  "realized_spread_15s": 0.10657510235211212,
  "markout_1s": 0.010855263157898028,
  "markout_5s": 0.031291172595517724,
  "markout_15s": 0.025016479894527058,
  "inventory": {
    "mean": -0.0018054079999999476,
    "p10": -0.1381999999999996,
    "p90": 0.12809999999999988,
    "p95": 0.15260000000000015,
    "max_abs": 0.27695000000000003
  },
  "fee_breakdown": {
    "fees": 0.0,
    "rebates": 0.0,
    "funding": 0.0
  }
}