{
  "num_blocks": 3104,
  "num_fills": 923,
  "notional_traded": 100293.16063612445,
  "fill_rate": 0.1486791237113402,
  "pnl": 1.1312420920623332,
  "max_drawdown": -1.6881582048669832,
  "stop_trigger_count": 0,
  "pull_trigger_count": 704,
  "stop_trigger_rate": 0.0,
  "pull_trigger_rate": 0.2268041237113402,
  "fills_when_stop": 0,
  "fills_when_pull": 175,
  "pnl_when_stop": 0.0,
  "pnl_when_pull": 0.5416712513299966,
  "realized_spread_1s": 0.10254773450198633,
  "realized_spread_5s": 0.10483063106495857,
  "realized_spread_15s": 0.10713399914034387,
  "markout_1s": 0.007700650759224416,
  "markout_5s": 0.010152008686211529,
  "markout_15s": 0.012309368191731238,
  "inventory": {
    "mean": -0.06915863402061848,
    "p10": -0.1559499999999999,
    "p90": 0.04885000000000004,
    "p95": 0.08105999999999997,
    "max_abs": 0.43404999999999994
  },
  "fee_breakdown": {
    "fees": 0.0,
    "rebates": 0.0,
    "funding": 0.0
  }
}