{
  "num_blocks": 3164,
  "num_fills": 1168,
  "notional_traded": 184248.92895665942,
  "fill_rate": 0.1845764854614412,
  "pnl": 1.5570485917242194,
  "max_drawdown": -0.16918300698532862,
  "stop_trigger_count": 0,
  "pull_trigger_count": 0,
  "stop_trigger_rate": 0.0,
  "pull_trigger_rate": 0.0,
  "fills_when_stop": 0,
  "fills_when_pull": 0,
  "pnl_when_stop": 0.0,
  "pnl_when_pull": 0.0,
  "realized_spread_1s": 0.058838752592766254,
  "realized_spread_5s": 0.058674946896617265,
  "realized_spread_15s": 0.05070761428551881,
  "markout_1s": 0.0002568493150702062,
  "markout_5s": 8.568980291649275e-05,
  "markout_15s": -0.007903780068732272,
  "inventory": {
    "mean": -0.03538361251580305,
    "p10": -0.14980000000000002,
    "p90": 0.09724999999999973,
    "p95": 0.12259999999999967,
    "max_abs": 0.2825000000000001
  },
  "fee_breakdown": {
    "fees": 0.0,
    "rebates": 0.0,
    "funding": 0.0
  }
}