{
  "num_blocks": 3101,
  "num_fills": 1359,
  "notional_traded": 216243.6057299134,
  "fill_rate": 0.21912286359238956,
  "pnl": 3.5612982794086703,
  "max_drawdown": -0.41486835690451973,
  "stop_trigger_count": 0,
  "pull_trigger_count": 0,
  "stop_trigger_rate": 0.0,
  "pull_trigger_rate": 0.0,
  "fills_when_stop": 0,
  "fills_when_pull": 0,
  "pnl_when_stop": 0.0,
  "pnl_when_pull": 0.0,
  "realized_spread_1s": 0.08036518867879297,
  "realized_spread_5s": 0.09106501576912934,
  "realized_spread_15s": 0.09043204967906017,
  "markout_1s": 0.005224429727749619,
  "markout_5s": 0.015905743740802586,
  "markout_15s": 0.015254237288147858,
  "inventory": {
    "mean": -0.00017387939374361708,
    "p10": -0.1394999999999997,
    "p90": 0.14800000000000005,
    "p95": 0.1697,
    "max_abs": 0.3164999999999995
  },
  "fee_breakdown": {
    "fees": 0.0,
    "rebates": 0.0,
    "funding": 0.0
  }
}