{
  "num_blocks": 3157,
  "num_fills": 1474,
  "notional_traded": 246048.58378726884,
  "fill_rate": 0.23344947735191637,
  "pnl": 4.130324821246207,
  "max_drawdown": -0.9811192727015463,
  "stop_trigger_count": 0,
  "pull_trigger_count": 0,
  "stop_trigger_rate": 0.0,
  "pull_trigger_rate": 0.0,
  "fills_when_stop": 0,
  "fills_when_pull": 0,
  "pnl_when_stop": 0.0,
  "pnl_when_pull": 0.0,
  "realized_spread_1s": 0.11036461794489924,
  "realized_spread_5s": 0.1325696331299174,
  "realized_spread_15s": 0.13453056485313628,
  "markout_1s": 0.010488798370670122,
  "markout_5s": 0.03314072059823497,
  "markout_15s": 0.03527210884354137,
  "inventory": {
    "mean": -0.0698033892936333,
    "p10": -0.1666000000000003,
    "p90": 0.07270999999999996,
    "p95": 0.11097999999999965,
    "max_abs": 0.3623500000000003
  },
  "fee_breakdown": {
    "fees": 0.0,
    "rebates": 0.0,
    "funding": 0.0
  }
}