{
  "num_blocks": 3152,
  "num_fills": 1356,
  "notional_traded": 216668.24322732867,
  "fill_rate": 0.2151015228426396,
  "pnl": 1.3614390808300474,
  "max_drawdown": -0.2586014945588986,
  "stop_trigger_count": 0,
  "pull_trigger_count": 0,
  "stop_trigger_rate": 0.0,
  "pull_trigger_rate": 0.0,
  "fills_when_stop": 0,
  "fills_when_pull": 0,
  "pnl_when_stop": 0.0,
  "pnl_when_pull": 0.0,
  "realized_spread_1s": 0.06012252953003991,
  "realized_spread_5s": 0.0618186947217828,
  "realized_spread_15s": 0.05622315365047699,
  "markout_1s": 0.0018805309734494494,
  "markout_5s": 0.003576696165192344,
  "markout_15s": -0.0020310192023569864,
  "inventory": {
    "mean": 0.006198556472081515,
    "p10": -0.12980000000000003,
    "p90": 0.14015000000000025,
    "p95": 0.15665000000000018,
    "max_abs": 0.31180000000000024
  },
  "fee_breakdown": {
    "fees": 0.0,
    "rebates": 0.0,
    "funding": 0.0
  }
}