{
  "num_blocks": 3101,
  "num_fills": 1353,
  "notional_traded": 211926.75708326616,
  "fill_rate": 0.2181554337310545,
  "pnl": 3.4684530404999774,
  "max_drawdown": -0.42409062596317426,
  "stop_trigger_count": 0,
  "pull_trigger_count": 0,
  "stop_trigger_rate": 0.0,
  "pull_trigger_rate": 0.0,
  "fills_when_stop": 0,
  "fills_when_pull": 0,
  "pnl_when_stop": 0.0,
  "pnl_when_pull": 0.0,
  "realized_spread_1s": 0.07947947064659192,
  "realized_spread_5s": 0.09288884895328264,
  "realized_spread_15s": 0.09251348910795139,
  "markout_1s": 0.004138950480423239,
  "markout_5s": 0.017529585798825516,
  "markout_15s": 0.017135455218368623,
  "inventory": {
    "mean": -0.0006431957433082882,
    "p10": -0.13249999999999956,
    "p90": 0.14735000000000006,
    "p95": 0.1697,
    "max_abs": 0.30779999999999963
  },
  "fee_breakdown": {
    "fees": 0.0,
    "rebates": 0.0,
    "funding": 0.0
  }
}