{
  "num_blocks": 3183,
  "num_fills": 1331,
  "notional_traded": 222747.8994845318,
  "fill_rate": 0.2090794847628024,
  "pnl": 3.6960181444213362,
  "max_drawdown": -0.6254425575543262,
  "stop_trigger_count": 0,
  "pull_trigger_count": 0,
  "stop_trigger_rate": 0.0,
  "pull_trigger_rate": 0.0,
  "fills_when_stop": 0,
  "fills_when_pull": 0,
  "pnl_when_stop": 0.0,
  "pnl_when_pull": 0.0,
  "realized_spread_1s": 0.10058214048862474,
  "realized_spread_5s": 0.12044713833700027,
  "realized_spread_15s": 0.12460350441166104,
  "markout_1s": 0.012105263157897062,
  "markout_5s": 0.03194130925508332,
  "markout_15s": 0.03608597285067455,
  "inventory": {
    "mean": -0.05129657555765006,
    "p10": -0.15160000000000007,
    "p90": 0.0889299999999999,
    "p95": 0.11410000000000003,
    "max_abs": 0.29230000000000017
  },
  "fee_breakdown": {
    "fees": 0.0,
    "rebates": 0.0,
    "funding": 0.0
  }
}