{
  "num_blocks": 3183,
  "num_fills": 1330,
  "notional_traded": 204771.3416436999,
  "fill_rate": 0.2089224002513352,
  "pnl": 2.8036438175416127,
  "max_drawdown": -0.4578143979850866,
  "stop_trigger_count": 0,
  "pull_trigger_count": 171,
  "stop_trigger_rate": 0.0,
  "pull_trigger_rate": 0.05372290292177191,
  "fills_when_stop": 0,
  "fills_when_pull": 166,
  "pnl_when_stop": 0.0,
  "pnl_when_pull": -0.39041088178863126,
  "realized_spread_1s": 0.10105320844724237,
  "realized_spread_5s": 0.12247719429697805,
  "realized_spread_15s": 0.11641487851047336,
  "markout_1s": 0.012415349887135578,
  "markout_5s": 0.033810240963859255,
  "markout_15s": 0.0277358490566,
  "inventory": {
    "mean": -0.05455496387056255,
    "p10": -0.1636700000000001,
    "p90": 0.0864899999999998,
    "p95": 0.11624999999999984,
    "max_abs": 0.30684999999999985
  },
  "fee_breakdown": {
    "fees": 0.0,
    "rebates": 0.0,
    "funding": 0.0
  }
}