{
  "num_blocks": 3125,
  "num_fills": 1507,
  "notional_traded": 237388.82020209142,
  "fill_rate": 0.24112,
  "pnl": 3.739636624010712,
  "max_drawdown": -0.492651971579854,
  "stop_trigger_count": 0,
  "pull_trigger_count": 0,
  "stop_trigger_rate": 0.0,
  "pull_trigger_rate": 0.0,
  "fills_when_stop": 0,
  "fills_when_pull": 0,
  "pnl_when_stop": 0.0,
  "pnl_when_pull": 0.0,
  "realized_spread_1s": 0.09032695062107424,
  "realized_spread_5s": 0.10655994324647916,
  "realized_spread_15s": 0.1030071240598123,
  "markout_1s": 0.008360982083613381,
  "markout_5s": 0.024551495016609665,
  "markout_15s": 0.02097739361702412,
  "inventory": {
    "mean": -0.0007657759999999235,
    "p10": -0.1358299999999999,
    "p90": 0.13462999999999994,
    "p95": 0.14900000000000002,
    "max_abs": 0.3192500000000001
  },
  "fee_breakdown": {
    "fees": 0.0,
    "rebates": 0.0,
    "funding": 0.0
  }
}