{
  "num_blocks": 3171,
  "num_fills": 1270,
  "notional_traded": 186878.76842400146,
  "fill_rate": 0.20025228634500158,
  "pnl": 1.3682540921032136,
  "max_drawdown": -0.3694073294511637,
  "stop_trigger_count": 0,
  "pull_trigger_count": 168,
  "stop_trigger_rate": 0.0,
  "pull_trigger_rate": 0.052980132450331126,
  "fills_when_stop": 0,
  "fills_when_pull": 130,
  "pnl_when_stop": 0.0,
  "pnl_when_pull": 0.30356834677106753,
  "realized_spread_1s": 0.059406534177744434,
  "realized_spread_5s": 0.06389472315411902,
  "realized_spread_15s": 0.06205382065069609,
  "markout_1s": -0.0020078740157524716,
  "markout_5s": 0.0024803149606221152,
  "markout_15s": 0.0006304176516882988,
  "inventory": {
    "mean": 0.027463560391043952,
    "p10": -0.10774999999999989,
    "p90": 0.14834999999999995,
    "p95": 0.16400000000000015,
    "max_abs": 0.27439999999999987
  },
  "fee_breakdown": {
    "fees": 0.0,
    "rebates": 0.0,
    "funding": 0.0
  }
}