{
  "num_blocks": 3172,
  "num_fills": 1237,
  "notional_traded": 198103.43169402852,
  "fill_rate": 0.1949873896595208,
  "pnl": 1.7810089121532005,
  "max_drawdown": -0.3250271596045483,
  "stop_trigger_count": 0,
  "pull_trigger_count": 0,
  "stop_trigger_rate": 0.0,
  "pull_trigger_rate": 0.0,
  "fills_when_stop": 0,
  "fills_when_pull": 0,
  "pnl_when_stop": 0.0,
  "pnl_when_pull": 0.0,
  "realized_spread_1s": 0.06151878953909451,
  "realized_spread_5s": 0.0579277853235061,
  "realized_spread_15s": 0.06247872176649838,
  "markout_1s": -0.0012934518997636537,
  "markout_5s": -0.0048948220064836765,
  "markout_15s": -0.00036466774717018114,
  "inventory": {
    "mean": 0.012524826607818583,
    "p10": -0.12052999999999972,
    "p90": 0.1359450000000002,
    "p95": 0.1550500000000002,
    "max_abs": 0.2807499999999997
  },
  "fee_breakdown": {
    "fees": 0.0,
    "rebates": 0.0,
    "funding": 0.0
  }
}