{
  "num_blocks": 3190,
  "num_fills": 1320,
  "notional_traded": 185496.16991471336,
  "fill_rate": 0.20689655172413793,
  "pnl": 1.356571078789856,
  "max_drawdown": -0.29338794308934296,
  "stop_trigger_count": 0,
  "pull_trigger_count": 64,
  "stop_trigger_rate": 0.0,
  "pull_trigger_rate": 0.02006269592476489,
  "fills_when_stop": 0,
  "fills_when_pull": 48,
  "pnl_when_stop": 0.0,
  "pnl_when_pull": 0.028328240134636522,
  "realized_spread_1s": 0.05964998390949669,
  "realized_spread_5s": 0.059315879193193366,
  "realized_spread_15s": 0.05508244199134499,
  "markout_1s": -0.0005686125852925773,
  "markout_5s": -0.0009104704097101662,
  "markout_15s": -0.005175038051750519,
  "inventory": {
    "mean": 0.07599910658307278,
    "p10": -0.030999999999999618,
    "p90": 0.15997500000000048,
    "p95": 0.18125000000000122,
    "max_abs": 0.29315000000000124
  },
  "fee_breakdown": {
    "fees": 0.0,
    "rebates": 0.0,
    "funding": 0.0
  }
}