{
  "num_blocks": 3101,
  "num_fills": 1405,
  "notional_traded": 199917.21144264188,
  "fill_rate": 0.22653982586262497,
  "pnl": 2.5771476749106057,
  "max_drawdown": -0.5459030483163183,
  "stop_trigger_count": 0,
  "pull_trigger_count": 216,
  "stop_trigger_rate": 0.0,
  "pull_trigger_rate": 0.06965495001612383,
  "fills_when_stop": 0,
  "fills_when_pull": 201,
  "pnl_when_stop": 0.0,
  "pnl_when_pull": -0.5327918522898681,
  "realized_spread_1s": 0.07929820963278104,
  "realized_spread_5s": 0.09719657018095298,
  "realized_spread_15s": 0.0929486337618141,
  "markout_1s": 0.0052669039146008454,
  "markout_5s": 0.023148148148158836,
  "markout_15s": 0.018865905848801587,
  "inventory": {
    "mean": -0.009471557562076481,
    "p10": -0.13804999999999962,
    "p90": 0.12940000000000035,
    "p95": 0.1524000000000004,
    "max_abs": 0.28844999999999965
  },
  "fee_breakdown": {
    "fees": 0.0,
    "rebates": 0.0,
    "funding": 0.0
  }
}