{
  "num_blocks": 3178,
  "num_fills": 1363,
  "notional_traded": 187738.0176294667,
  "fill_rate": 0.2144430459408433,
  "pnl": 2.153887639314893,
  "max_drawdown": -0.3322496589774782,
  "stop_trigger_count": 0,
  "pull_trigger_count": 0,
  "stop_trigger_rate": 0.0,
  "pull_trigger_rate": 0.0,
  "fills_when_stop": 0,
  "fills_when_pull": 0,
  "pnl_when_stop": 0.0,
  "pnl_when_pull": 0.0,
  "realized_spread_1s": 0.07348373264852738,
  "realized_spread_5s": 0.08005755150620086,
  "realized_spread_15s": 0.07345974050069053,
  "markout_1s": 0.0036316947909009532,
  "markout_5s": 0.010176340925786119,
  "markout_15s": 0.0035346097201721764,
  "inventory": {
    "mean": 0.053412853996224495,
    "p10": -0.0854999999999999,
    "p90": 0.15835000000000088,
    "p95": 0.1777500000000005,
    "max_abs": 0.2781999999999993
  },
  "fee_breakdown": {
    "fees": 0.0,
    "rebates": 0.0,
    "funding": 0.0
  }
}