{
  "num_blocks": 3190,
  "num_fills": 1016,
  "notional_traded": 99378.93658490172,
  "fill_rate": 0.1592476489028213,
  "pnl": 0.9367772539711577,
  "max_drawdown": -0.2976692505516745,
  "stop_trigger_count": 0,
  "pull_trigger_count": 557,
  "stop_trigger_rate": 0.0,
  "pull_trigger_rate": 0.17460815047021944,
  "fills_when_stop": 0,
  "fills_when_pull": 66,
  "pnl_when_stop": 0.0,
  "pnl_when_pull": 0.8098338527459685,
  "realized_spread_1s": 0.05775002649472899,
  "realized_spread_5s": 0.05666628265236813,
  "realized_spread_15s": 0.05500620246260162,
  "markout_1s": -0.003054187192121273,
  "markout_5s": -0.004137931034482132,
  "markout_15s": -0.005830039525692689,
  "inventory": {
    "mean": 0.04997503134796294,
    "p10": -0.06734999999999929,
    "p90": 0.14335000000000067,
    "p95": 0.15750000000000072,
    "max_abs": 0.24750000000000022
  },
  "fee_breakdown": {
    "fees": 0.0,
    "rebates": 0.0,
    "funding": 0.0
  }
}