{
  "num_blocks": 3195,
  "num_fills": 1309,
  "notional_traded": 178182.41020754198,
  "fill_rate": 0.20485133020344287,
  "pnl": 1.4184690211035205,
  "max_drawdown": -0.3251890851832534,
  "stop_trigger_count": 0,
  "pull_trigger_count": 76,
  "stop_trigger_rate": 0.0,
  "pull_trigger_rate": 0.02378716744913928,
  "fills_when_stop": 0,
  "fills_when_pull": 72,
  "pnl_when_stop": 0.0,
  "pnl_when_pull": -0.06791192661182299,
  "realized_spread_1s": 0.05956649171272309,
  "realized_spread_5s": 0.060453688722452444,
  "realized_spread_15s": 0.05368527653923171,
  "markout_1s": -0.001567278287465737,
  "markout_5s": -0.0006885998469789252,
  "markout_15s": -0.007465543644724353,
  "inventory": {
    "mean": 0.06822170579029782,
    "p10": -0.04859999999999977,
    "p90": 0.15455000000000063,
    "p95": 0.17140000000000064,
    "max_abs": 0.27174999999999994
  },
  "fee_breakdown": {
    "fees": 0.0,
    "rebates": 0.0,
    "funding": 0.0
  }
}