{
  "num_blocks": 3151,
  "num_fills": 1402,
  "notional_traded": 205375.10345307476,
  "fill_rate": 0.22246905744208187,
  "pnl": 2.819748936699799,
  "max_drawdown": -0.3779722893630737,
  "stop_trigger_count": 0,
  "pull_trigger_count": 0,
  "stop_trigger_rate": 0.0,
  "pull_trigger_rate": 0.0,
  "fills_when_stop": 0,
  "fills_when_pull": 0,
  "pnl_when_stop": 0.0,
  "pnl_when_pull": 0.0,
  "realized_spread_1s": 0.08543756568329627,
  "realized_spread_5s": 0.10058083771022591,
  "realized_spread_15s": 0.1010454552942178,
  "markout_1s": 0.012428571428569544,
  "markout_5s": 0.027555396711929102,
  "markout_15s": 0.02802001429592098,
  "inventory": {
    "mean": 0.031090130117423342,
    "p10": -0.10570000000000002,
    "p90": 0.1425500000000005,
    "p95": 0.17415000000000078,
    "max_abs": 0.2742499999999997
  },
  "fee_breakdown": {
    "fees": 0.0,
    "rebates": 0.0,
    "funding": 0.0
  }
}