{
  "num_blocks": 3163,
  "num_fills": 1015,
  "notional_traded": 142041.43531500024,
  "fill_rate": 0.16044894087891243,
  "pnl": 1.193481894377072,
  "max_drawdown": -0.12172345128521106,
  "stop_trigger_count": 0,
  "pull_trigger_count": 345,
  "stop_trigger_rate": 0.0,
  "pull_trigger_rate": 0.10907366424280746,
  "fills_when_stop": 0,
  "fills_when_pull": 67,
  "pnl_when_stop": 0.0,
  "pnl_when_pull": 0.30791161917464016,
  "realized_spread_1s": 0.0595948235211101,
  "realized_spread_5s": 0.061872530447659516,
  "realized_spread_15s": 0.06311820915490911,
  "markout_1s": 0.002807881773398477,
  "markout_5s": 0.005078895463510041,
  "markout_15s": 0.006317867719639772,
  "inventory": {
    "mean": -0.04276073348087274,
    "p10": -0.14814000000000008,
    "p90": 0.08959999999999996,
    "p95": 0.11249999999999993,
    "max_abs": 0.22450000000000006
  },
  "fee_breakdown": {
    "fees": 0.0,
    "rebates": 0.0,
    "funding": 0.0
  }
}