{
  "num_blocks": 3171,
  "num_fills": 1297,
  "notional_traded": 185105.5624026624,
  "fill_rate": 0.20450961841690318,
  "pnl": 1.3456152299302242,
  "max_drawdown": -0.47135747523439164,
  "stop_trigger_count": 0,
  "pull_trigger_count": 168,
  "stop_trigger_rate": 0.0,
  "pull_trigger_rate": 0.052980132450331126,
  "fills_when_stop": 0,
  "fills_when_pull": 139,
  "pnl_when_stop": 0.0,
  "pnl_when_pull": 0.14404497325610383,
  "realized_spread_1s": 0.059263075426389464,
  "realized_spread_5s": 0.06481434759292398,
  "realized_spread_15s": 0.06579028458952578,
  "markout_1s": -0.002043176561299925,
  "markout_5s": 0.0035080956052345935,
  "markout_15s": 0.0044753086419694835,
  "inventory": {
    "mean": 0.024791343424787206,
    "p10": -0.11429999999999994,
    "p90": 0.14470000000000002,
    "p95": 0.16165000000000007,
    "max_abs": 0.26335
  },
  "fee_breakdown": {
    "fees": 0.0,
    "rebates": 0.0,
    "funding": 0.0
  }
}