{
  "num_blocks": 3101,
  "num_fills": 828,
  "notional_traded": 89862.74610644243,
  "fill_rate": 0.13350532086423733,
  "pnl": 0.3716825970977985,
  "max_drawdown": -2.465685003600171,
  "stop_trigger_count": 0,
  "pull_trigger_count": 675,
  "stop_trigger_rate": 0.0,
  "pull_trigger_rate": 0.21767171880038697,
  "fills_when_stop": 0,
  "fills_when_pull": 147,
  "pnl_when_stop": 0.0,
  "pnl_when_pull": -0.41729232697393537,
  "realized_spread_1s": 0.08482456373757792,
  "realized_spread_5s": 0.08063450879651618,
  "realized_spread_15s": 0.06983624548998049,
  "markout_1s": 0.004770531400969808,
  "markout_5s": 0.0005441354292715221,
  "markout_15s": -0.010290556900711527,
  "inventory": {
    "mean": -0.06232950661077075,
    "p10": -0.14855000000000002,
    "p90": 0.06595000000000001,
    "p95": 0.1082,
    "max_abs": 0.43385000000000007
  },
  "fee_breakdown": {
    "fees": 0.0,
    "rebates": 0.0,
    "funding": 0.0
  }
}