{
  "num_blocks": 3152,
  "num_fills": 1047,
  "notional_traded": 140410.55047490192,
  "fill_rate": 0.16608502538071065,
  "pnl": 1.282812790058147,
  "max_drawdown": -0.3037631123358703,
  "stop_trigger_count": 0,
  "pull_trigger_count": 424,
  "stop_trigger_rate": 0.0,
  "pull_trigger_rate": 0.13451776649746192,
  "fills_when_stop": 0,
  "fills_when_pull": 65,
  "pnl_when_stop": 0.0,
  "pnl_when_pull": 0.33320494168591286,
  "realized_spread_1s": 0.05974333144839681,
  "realized_spread_5s": 0.060001213422462556,
  "realized_spread_15s": 0.06149546745830957,
  "markout_1s": 0.001480420248325257,
  "markout_5s": 0.0017224880382755102,
  "markout_15s": 0.003208812260535876,
  "inventory": {
    "mean": -0.033354806472081375,
    "p10": -0.14005000000000029,
    "p90": 0.09484999999999998,
    "p95": 0.11754999999999974,
    "max_abs": 0.23045000000000018
  },
  "fee_breakdown": {
    "fees": 0.0,
    "rebates": 0.0,
    "funding": 0.0
  }
}