{
  "num_blocks": 3151,
  "num_fills": 1388,
  "notional_traded": 204120.55646243587,
  "fill_rate": 0.22024754046334497,
  "pnl": 2.873121494221284,
  "max_drawdown": -0.3706627866776582,
  "stop_trigger_count": 0,
  "pull_trigger_count": 0,
  "stop_trigger_rate": 0.0,
  "pull_trigger_rate": 0.0,
  "fills_when_stop": 0,
  "fills_when_pull": 0,
  "pnl_when_stop": 0.0,
  "pnl_when_pull": 0.0,
  "realized_spread_1s": 0.08316650336577201,
  "realized_spread_5s": 0.09806409650898963,
  "realized_spread_15s": 0.09708936726711573,
  "markout_1s": 0.009848484848483274,
  "markout_5s": 0.02472924187724811,
  "markout_15s": 0.023754512635374203,
  "inventory": {
    "mean": 0.03331205966359924,
    "p10": -0.10595000000000002,
    "p90": 0.1432000000000006,
    "p95": 0.1753000000000004,
    "max_abs": 0.2732500000000007
  },
  "fee_breakdown": {
    "fees": 0.0,
    "rebates": 0.0,
    "funding": 0.0
  }
}