{
  "num_blocks": 3151,
  "num_fills": 1399,
  "notional_traded": 205654.32927671913,
  "fill_rate": 0.2219930180894954,
  "pnl": 2.741111173436974,
  "max_drawdown": -0.37976171289967864,
  "stop_trigger_count": 0,
  "pull_trigger_count": 0,
  "stop_trigger_rate": 0.0,
  "pull_trigger_rate": 0.0,
  "fills_when_stop": 0,
  "fills_when_pull": 0,
  "pnl_when_stop": 0.0,
  "pnl_when_pull": 0.0,
  "realized_spread_1s": 0.08366083698621712,
  "realized_spread_5s": 0.09754598085224737,
  "realized_spread_15s": 0.09826231323047477,
  "markout_1s": 0.010558339298494826,
  "markout_5s": 0.024426934097413647,
  "markout_15s": 0.025143266475641052,
  "inventory": {
    "mean": 0.03315807680101588,
    "p10": -0.10595000000000002,
    "p90": 0.14355000000000004,
    "p95": 0.17402500000000037,
    "max_abs": 0.27344999999999964
  },
  "fee_breakdown": {
    "fees": 0.0,
    "rebates": 0.0,
    "funding": 0.0
  }
}