{
  "num_blocks": 3101,
  "num_fills": 1353,
  "notional_traded": 212939.51224823305,
  "fill_rate": 0.2181554337310545,
  "pnl": 3.2770153435422,
  "max_drawdown": -0.49811555648150185,
  "stop_trigger_count": 0,
  "pull_trigger_count": 0,
  "stop_trigger_rate": 0.0,
  "pull_trigger_rate": 0.0,
  "fills_when_stop": 0,
  "fills_when_pull": 0,
  "pnl_when_stop": 0.0,
  "pnl_when_pull": 0.0,
  "realized_spread_1s": 0.0784816879414912,
  "realized_spread_5s": 0.09237109747399284,
  "realized_spread_15s": 0.09087831391469653,
  "markout_1s": 0.003141167775324536,
  "markout_5s": 0.017011834319537726,
  "markout_15s": 0.015481481481493675,
  "inventory": {
    "mean": -0.0037155594969360884,
    "p10": -0.1452499999999995,
    "p90": 0.14300000000000046,
    "p95": 0.1707500000000005,
    "max_abs": 0.30739999999999956
  },
  "fee_breakdown": {
    "fees": 0.0,
    "rebates": 0.0,
    "funding": 0.0
  }
}