{
  "num_blocks": 3172,
  "num_fills": 1236,
  "notional_traded": 198191.32439152765,
  "fill_rate": 0.1948297604035309,
  "pnl": 1.64321582905121,
  "max_drawdown": -0.34417837031012566,
  "stop_trigger_count": 0,
  "pull_trigger_count": 0,
  "stop_trigger_rate": 0.0,
  "pull_trigger_rate": 0.0,
  "fills_when_stop": 0,
  "fills_when_pull": 0,
  "pnl_when_stop": 0.0,
  "pnl_when_pull": 0.0,
  "realized_spread_1s": 0.06142756283850377,
  "realized_spread_5s": 0.05873133522559336,
  "realized_spread_15s": 0.06575382617062953,
  "markout_1s": -0.0013349514563148002,
  "markout_5s": -0.0040518638573854475,
  "markout_15s": 0.002960259529594924,
  "inventory": {
    "mean": 0.0116195617906685,
    "p10": -0.11944999999999978,
    "p90": 0.13199500000000003,
    "p95": 0.15224250000000003,
    "max_abs": 0.2746499999999998
  },
  "fee_breakdown": {
    "fees": 0.0,
    "rebates": 0.0,
    "funding": 0.0
  }
}