{
  "num_blocks": 3152,
  "num_fills": 905,
  "notional_traded": 99003.38910788608,
  "fill_rate": 0.14355964467005075,
  "pnl": 1.1256176484878564,
  "max_drawdown": -0.3976196525711846,
  "stop_trigger_count": 0,
  "pull_trigger_count": 572,
  "stop_trigger_rate": 0.0,
  "pull_trigger_rate": 0.1814720812182741,
  "fills_when_stop": 0,
  "fills_when_pull": 99,
  "pnl_when_stop": 0.0,
  "pnl_when_pull": 0.8041024733458942,
  "realized_spread_1s": 0.06320442994459409,
  "realized_spread_5s": 0.07029868263258429,
  "realized_spread_15s": 0.06644519280161594,
  "markout_1s": -0.0009392265193419409,
  "markout_5s": 0.00613938053096661,
  "markout_15s": 0.002270210409741466,
  "inventory": {
    "mean": -0.009531297588832468,
    "p10": -0.12490000000000001,
    "p90": 0.11595000000000012,
    "p95": 0.13710000000000006,
    "max_abs": 0.24045
  },
  "fee_breakdown": {
    "fees": 0.0,
    "rebates": 0.0,
    "funding": 0.0
  }
}