{
  "num_blocks": 3152,
  "num_fills": 1371,
  "notional_traded": 213736.3472323288,
  "fill_rate": 0.21748096446700507,
  "pnl": 1.3776907629331872,
  "max_drawdown": -0.2586014945588986,
  "stop_trigger_count": 0,
  "pull_trigger_count": 64,
  "stop_trigger_rate": 0.0,
  "pull_trigger_rate": 0.02030456852791878,
  "fills_when_stop": 0,
  "fills_when_pull": 44,
  "pnl_when_stop": 0.0,
  "pnl_when_pull": 0.08789168058512417,
  "realized_spread_1s": 0.06015765867449328,
  "realized_spread_5s": 0.06263760032292781,
  "realized_spread_15s": 0.05907680792019286,
  "markout_1s": 0.0020058351568178496,
  "markout_5s": 0.004485776805252371,
  "markout_15s": 0.0009130752374072017,
  "inventory": {
    "mean": 0.0080100729695435,
    "p10": -0.12689999999999962,
    "p90": 0.13420000000000037,
    "p95": 0.15719500000000017,
    "max_abs": 0.31180000000000024
  },
  "fee_breakdown": {
    "fees": 0.0,
    "rebates": 0.0,
    "funding": 0.0
  }
}