{
  "num_blocks": 3135,
  "num_fills": 1833,
  "notional_traded": 282487.9661226223,
  "fill_rate": 0.2923444976076555,
  "pnl": 3.599226555562502,
  "max_drawdown": -1.0236829712110538,
  "stop_trigger_count": 0,
  "pull_trigger_count": 286,
  "stop_trigger_rate": 0.0,
  "pull_trigger_rate": 0.0912280701754386,
  "fills_when_stop": 0,
  "fills_when_pull": 308,
  "pnl_when_stop": 0.0,
  "pnl_when_pull": -0.5676481617390061,
  "realized_spread_1s": 0.13482448635699626,
  "realized_spread_5s": 0.15363303770820438,
  "realized_spread_15s": 0.1631282598501172,
  "markout_1s": 0.021288209606987147,
  "markout_5s": 0.04002732240436985,
  "markout_15s": 0.04969912472647548,
  "inventory": {
    "mean": -0.05509717703349296,
    "p10": -0.16989000000000018,
    "p90": 0.09969999999999989,
    "p95": 0.14178999999999953,
    "max_abs": 0.5344500000000002
  },
  "fee_breakdown": {
    "fees": 0.0,
    "rebates": 0.0,
    "funding": 0.0
  }
}