{
  "num_blocks": 3178,
  "num_fills": 1362,
  "notional_traded": 189952.6029336226,
  "fill_rate": 0.21428571428571427,
  "pnl": 2.3841029812118397,
  "max_drawdown": -0.36252527889374897,
  "stop_trigger_count": 0,
  "pull_trigger_count": 0,
  "stop_trigger_rate": 0.0,
  "pull_trigger_rate": 0.0,
  "fills_when_stop": 0,
  "fills_when_pull": 0,
  "pnl_when_stop": 0.0,
  "pnl_when_pull": 0.0,
  "realized_spread_1s": 0.07463503083345024,
  "realized_spread_5s": 0.08334772940820284,
  "realized_spread_15s": 0.07715763595810736,
  "markout_1s": 0.004735682819380456,
  "markout_5s": 0.013419117647053808,
  "markout_15s": 0.007184966838606884,
  "inventory": {
    "mean": 0.05154864694776621,
    "p10": -0.09084999999999997,
    "p90": 0.1581650000000006,
    "p95": 0.1780000000000004,
    "max_abs": 0.27735000000000043
  },
  "fee_breakdown": {
    "fees": 0.0,
    "rebates": 0.0,
    "funding": 0.0
  }
}