{
  "num_blocks": 3152,
  "num_fills": 1240,
  "notional_traded": 191592.91413477054,
  "fill_rate": 0.1967005076142132,
  "pnl": 2.3588741698799343,
  "max_drawdown": -0.20293419087072162,
  "stop_trigger_count": 0,
  "pull_trigger_count": 0,
  "stop_trigger_rate": 0.0,
  "pull_trigger_rate": 0.0,
  "fills_when_stop": 0,
  "fills_when_pull": 0,
  "pnl_when_stop": 0.0,
  "pnl_when_pull": 0.0,
  "realized_spread_1s": 0.06418521287807431,
  "realized_spread_5s": 0.06942714836194235,
  "realized_spread_15s": 0.07305304036252883,
  "markout_1s": 0.0016935483870970675,
  "markout_5s": 0.006935483870965101,
  "markout_15s": 0.010541195476574165,
  "inventory": {
    "mean": 0.0008874206852793124,
    "p10": -0.13400000000000006,
    "p90": 0.14030000000000006,
    "p95": 0.16179999999999997,
    "max_abs": 0.27520000000000006
  },
  "fee_breakdown": {
    "fees": 0.0,
    "rebates": 0.0,
    "funding": 0.0
  }
}