{
  "num_blocks": 3178,
  "num_fills": 1367,
  "notional_traded": 182479.50108016332,
  "fill_rate": 0.21507237256135933,
  "pnl": 2.2050123405872455,
  "max_drawdown": -0.3730097386997839,
  "stop_trigger_count": 0,
  "pull_trigger_count": 96,
  "stop_trigger_rate": 0.0,
  "pull_trigger_rate": 0.030207677784770296,
  "fills_when_stop": 0,
  "fills_when_pull": 93,
  "pnl_when_stop": 0.0,
  "pnl_when_pull": -0.07727522142996812,
  "realized_spread_1s": 0.07509357132051882,
  "realized_spread_5s": 0.08285927618691771,
  "realized_spread_15s": 0.07691109544430319,
  "markout_1s": 0.005267008046813392,
  "markout_5s": 0.013003663003654008,
  "markout_15s": 0.00701174743023975,
  "inventory": {
    "mean": 0.06027348961611119,
    "p10": -0.07034999999999977,
    "p90": 0.15717500000000004,
    "p95": 0.18157999999999963,
    "max_abs": 0.26929999999999976
  },
  "fee_breakdown": {
    "fees": 0.0,
    "rebates": 0.0,
    "funding": 0.0
  }
}