{
  "num_blocks": 3190,
  "num_fills": 1320,
  "notional_traded": 187047.72399499995,
  "fill_rate": 0.20689655172413793,
  "pnl": 1.3390944459943772,
  "max_drawdown": -0.32250244236981307,
  "stop_trigger_count": 0,
  "pull_trigger_count": 0,
  "stop_trigger_rate": 0.0,
  "pull_trigger_rate": 0.0,
  "fills_when_stop": 0,
  "fills_when_pull": 0,
  "pnl_when_stop": 0.0,
  "pnl_when_pull": 0.0,
  "realized_spread_1s": 0.057892476050329024,
  "realized_spread_5s": 0.058884807215771405,
  "realized_spread_15s": 0.051415658988117605,
  "markout_1s": -0.0023502653525414577,
  "markout_5s": -0.0013657056145669746,
  "markout_15s": -0.008866057838660648,
  "inventory": {
    "mean": 0.07544170846395032,
    "p10": -0.03619999999999929,
    "p90": 0.16570000000000035,
    "p95": 0.1827475000000003,
    "max_abs": 0.3174000000000008
  },
  "fee_breakdown": {
    "fees": 0.0,
    "rebates": 0.0,
    "funding": 0.0
  }
}