{
  "num_blocks": 3171,
  "num_fills": 996,
  "notional_traded": 109368.30878704769,
  "fill_rate": 0.15704824976348156,
  "pnl": 1.3392684107508785,
  "max_drawdown": -0.2939513189813886,
  "stop_trigger_count": 0,
  "pull_trigger_count": 578,
  "stop_trigger_rate": 0.0,
  "pull_trigger_rate": 0.18227688426363922,
  "fills_when_stop": 0,
  "fills_when_pull": 105,
  "pnl_when_stop": 0.0,
  "pnl_when_pull": 1.2990253266175236,
  "realized_spread_1s": 0.06027011360605817,
  "realized_spread_5s": 0.06955726220043386,
  "realized_spread_15s": 0.06539059553376939,
  "markout_1s": -0.0033634538152655185,
  "markout_5s": 0.0059236947791101655,
  "markout_15s": 0.00175702811244569,
  "inventory": {
    "mean": 0.020483443708609425,
    "p10": -0.09309999999999988,
    "p90": 0.12630000000000016,
    "p95": 0.14895000000000022,
    "max_abs": 0.2469500000000001
  },
  "fee_breakdown": {
    "fees": 0.0,
    "rebates": 0.0,
    "funding": 0.0
  }
}