{
  "num_blocks": 3178,
  "num_fills": 1360,
  "notional_traded": 189349.40464079683,
  "fill_rate": 0.21397105097545627,
  "pnl": 2.3683994256407157,
  "max_drawdown": -0.3322496589774782,
  "stop_trigger_count": 0,
  "pull_trigger_count": 0,
  "stop_trigger_rate": 0.0,
  "pull_trigger_rate": 0.0,
  "fills_when_stop": 0,
  "fills_when_pull": 0,
  "pnl_when_stop": 0.0,
  "pnl_when_pull": 0.0,
  "realized_spread_1s": 0.07479643929923206,
  "realized_spread_5s": 0.0837063015073296,
  "realized_spread_15s": 0.07780306822653067,
  "markout_1s": 0.004779411764702204,
  "markout_5s": 0.013659793814428101,
  "markout_15s": 0.007712177121763365,
  "inventory": {
    "mean": 0.05269636563876704,
    "p10": -0.08704999999999988,
    "p90": 0.1584500000000008,
    "p95": 0.1790500000000008,
    "max_abs": 0.2762000000000006
  },
  "fee_breakdown": {
    "fees": 0.0,
    "rebates": 0.0,
    "funding": 0.0
  }
}