{
  "num_blocks": 3126,
  "num_fills": 1314,
  "notional_traded": 214320.42713968141,
  "fill_rate": 0.21017274472168906,
  "pnl": 2.9231069879696894,
  "max_drawdown": -0.4144270876926619,
  "stop_trigger_count": 0,
  "pull_trigger_count": 0,
  "stop_trigger_rate": 0.0,
  "pull_trigger_rate": 0.0,
  "fills_when_stop": 0,
  "fills_when_pull": 0,
  "pnl_when_stop": 0.0,
  "pnl_when_pull": 0.0,
  "realized_spread_1s": 0.07295632649460193,
  "realized_spread_5s": 0.07754699442638052,
  "realized_spread_15s": 0.07766946229924575,
  "markout_1s": 0.0011043412033596243,
  "markout_5s": 0.005678353658544072,
  "markout_15s": 0.0057339449541374795,
  "inventory": {
    "mean": -0.015932213691618433,
    "p10": -0.1465499999999994,
    "p90": 0.1401250000000004,
    "p95": 0.1627250000000001,
    "max_abs": 0.3163999999999994
  },
  "fee_breakdown": {
    "fees": 0.0,
    "rebates": 0.0,
    "funding": 0.0
  }
}