{
  "num_blocks": 3152,
  "num_fills": 1050,
  "notional_traded": 140444.7385850001,
  "fill_rate": 0.16656091370558376,
  "pnl": 1.3513517667721373,
  "max_drawdown": -0.3037631123358703,
  "stop_trigger_count": 0,
  "pull_trigger_count": 424,
  "stop_trigger_rate": 0.0,
  "pull_trigger_rate": 0.13451776649746192,
  "fills_when_stop": 0,
  "fills_when_pull": 69,
  "pnl_when_stop": 0.0,
  "pnl_when_pull": 0.49980052837450295,
  "realized_spread_1s": 0.06232873051876725,
  "realized_spread_5s": 0.06259080824876628,
  "realized_spread_15s": 0.06274610032923433,
  "markout_1s": 0.0026190476190454536,
  "markout_5s": 0.0028625954198460263,
  "markout_15s": 0.0030085959885383343,
  "inventory": {
    "mean": -0.03630985088832494,
    "p10": -0.14369000000000015,
    "p90": 0.09329999999999992,
    "p95": 0.11724999999999997,
    "max_abs": 0.22535000000000008
  },
  "fee_breakdown": {
    "fees": 0.0,
    "rebates": 0.0,
    "funding": 0.0
  }
}