{
  "num_blocks": 3171,
  "num_fills": 1239,
  "notional_traded": 191707.75984289628,
  "fill_rate": 0.19536423841059603,
  "pnl": 1.5682260506135959,
  "max_drawdown": -0.2882070646447321,
  "stop_trigger_count": 0,
  "pull_trigger_count": 0,
  "stop_trigger_rate": 0.0,
  "pull_trigger_rate": 0.0,
  "fills_when_stop": 0,
  "fills_when_pull": 0,
  "pnl_when_stop": 0.0,
  "pnl_when_pull": 0.0,
  "realized_spread_1s": 0.06085153671132652,
  "realized_spread_5s": 0.0670662259768587,
  "realized_spread_15s": 0.06510101291222185,
  "markout_1s": -0.0009281678773256314,
  "markout_5s": 0.0052865213882065405,
  "markout_15s": 0.003311793214855262,
  "inventory": {
    "mean": 0.025811053295490577,
    "p10": -0.11739999999999982,
    "p90": 0.15005000000000018,
    "p95": 0.1670000000000003,
    "max_abs": 0.2755500000000003
  },
  "fee_breakdown": {
    "fees": 0.0,
    "rebates": 0.0,
    "funding": 0.0
  }
}