{
  "num_blocks": 3163,
  "num_fills": 1272,
  "notional_traded": 206365.8050926159,
  "fill_rate": 0.20107492886500158,
  "pnl": 1.5193275835009215,
  "max_drawdown": -0.18691999999998135,
  "stop_trigger_count": 0,
  "pull_trigger_count": 0,
  "stop_trigger_rate": 0.0,
  "pull_trigger_rate": 0.0,
  "fills_when_stop": 0,
  "fills_when_pull": 0,
  "pnl_when_stop": 0.0,
  "pnl_when_pull": 0.0,
  "realized_spread_1s": 0.05672363488968409,
  "realized_spread_5s": 0.05720099416182547,
  "realized_spread_15s": 0.051773593369827405,
  "markout_1s": 0.0007861635220100761,
  "markout_5s": 0.0012588512981892563,
  "markout_15s": -0.004173228346457552,
  "inventory": {
    "mean": -0.018062725260828347,
    "p10": -0.13649999999999995,
    "p90": 0.11574999999999996,
    "p95": 0.14532499999999976,
    "max_abs": 0.24974999999999992
  },
  "fee_breakdown": {
    "fees": 0.0,
    "rebates": 0.0,
    "funding": 0.0
  }
}