{
  "num_blocks": 3104,
  "num_fills": 1423,
  "notional_traded": 228432.07906073338,
  "fill_rate": 0.22922036082474226,
  "pnl": 4.04765733592497,
  "max_drawdown": -0.5099682868926415,
  "stop_trigger_count": 0,
  "pull_trigger_count": 0,
  "stop_trigger_rate": 0.0,
  "pull_trigger_rate": 0.0,
  "fills_when_stop": 0,
  "fills_when_pull": 0,
  "pnl_when_stop": 0.0,
  "pnl_when_pull": 0.0,
  "realized_spread_1s": 0.0913387635729969,
  "realized_spread_5s": 0.10372093084562699,
  "realized_spread_15s": 0.10358766534989469,
  "markout_1s": 0.009458509142061313,
  "markout_5s": 0.021936619718310242,
  "markout_15s": 0.02173606210304209,
  "inventory": {
    "mean": -0.023922374355669924,
    "p10": -0.14949999999999994,
    "p90": 0.12205000000000023,
    "p95": 0.14785000000000034,
    "max_abs": 0.3278999999999999
  },
  "fee_breakdown": {
    "fees": 0.0,
    "rebates": 0.0,
    "funding": 0.0
  }
}