{
  "num_blocks": 3163,
  "num_fills": 1422,
  "notional_traded": 222055.99375232827,
  "fill_rate": 0.22478659500474232,
  "pnl": 1.197177181087099,
  "max_drawdown": -0.24643357471069782,
  "stop_trigger_count": 0,
  "pull_trigger_count": 0,
  "stop_trigger_rate": 0.0,
  "pull_trigger_rate": 0.0,
  "fills_when_stop": 0,
  "fills_when_pull": 0,
  "pnl_when_stop": 0.0,
  "pnl_when_pull": 0.0,
  "realized_spread_1s": 0.05853482179666311,
  "realized_spread_5s": 0.05955451237331846,
  "realized_spread_15s": 0.056882219827616064,
  "markout_1s": 0.000738396624470783,
  "markout_5s": 0.0017580872011261353,
  "markout_15s": -0.0009142053445762651,
  "inventory": {
    "mean": 0.03229623774897318,
    "p10": -0.11764999999999898,
    "p90": 0.14925000000000013,
    "p95": 0.1623000000000002,
    "max_abs": 0.32070000000000065
  },
  "fee_breakdown": {
    "fees": 0.0,
    "rebates": 0.0,
    "funding": 0.0
  }
}