{
  "num_blocks": 3195,
  "num_fills": 1305,
  "notional_traded": 183915.93471296414,
  "fill_rate": 0.20422535211267606,
  "pnl": 1.3449104584338434,
  "max_drawdown": -0.3172265323544638,
  "stop_trigger_count": 0,
  "pull_trigger_count": 76,
  "stop_trigger_rate": 0.0,
  "pull_trigger_rate": 0.02378716744913928,
  "fills_when_stop": 0,
  "fills_when_pull": 67,
  "pnl_when_stop": 0.0,
  "pnl_when_pull": -0.008465186505636463,
  "realized_spread_1s": 0.06105289199405555,
  "realized_spread_5s": 0.06647196558729909,
  "realized_spread_15s": 0.06099306540725316,
  "markout_1s": -0.00011503067484878791,
  "markout_5s": 0.005295471987720365,
  "markout_15s": -0.00019201228879207064,
  "inventory": {
    "mean": 0.06520461658841992,
    "p10": -0.050399999999999306,
    "p90": 0.15830000000000066,
    "p95": 0.17713500000000065,
    "max_abs": 0.28254999999999997
  },
  "fee_breakdown": {
    "fees": 0.0,
    "rebates": 0.0,
    "funding": 0.0
  }
}