{
  "num_blocks": 3125,
  "num_fills": 1506,
  "notional_traded": 238064.11637867903,
  "fill_rate": 0.24096,
  "pnl": 4.030604298395314,
  "max_drawdown": -0.39472006571576546,
  "stop_trigger_count": 0,
  "pull_trigger_count": 0,
  "stop_trigger_rate": 0.0,
  "pull_trigger_rate": 0.0,
  "fills_when_stop": 0,
  "fills_when_pull": 0,
  "pnl_when_stop": 0.0,
  "pnl_when_pull": 0.0,
  "realized_spread_1s": 0.08986387005313713,
  "realized_spread_5s": 0.1075150528476123,
  "realized_spread_15s": 0.10209395767640868,
  "markout_1s": 0.00790697674419064,
  "markout_5s": 0.02551563539587274,
  "markout_15s": 0.0200732356857533,
  "inventory": {
    "mean": -0.001209951999999689,
    "p10": -0.1268399999999999,
    "p90": 0.13000000000000078,
    "p95": 0.15032000000000006,
    "max_abs": 0.29735
  },
  "fee_breakdown": {
    "fees": 0.0,
    "rebates": 0.0,
    "funding": 0.0
  }
}