{
  "num_blocks": 3135,
  "num_fills": 1202,
  "notional_traded": 135124.60801511855,
  "fill_rate": 0.19170653907496013,
  "pnl": 1.7576851198824597,
  "max_drawdown": -1.5756408071067716,
  "stop_trigger_count": 0,
  "pull_trigger_count": 1013,
  "stop_trigger_rate": 0.0,
  "pull_trigger_rate": 0.3231259968102073,
  "fills_when_stop": 0,
  "fills_when_pull": 352,
  "pnl_when_stop": 0.0,
  "pnl_when_pull": 5.763600795513345,
  "realized_spread_1s": 0.1559329157832707,
  "realized_spread_5s": 0.18689619321308518,
  "realized_spread_15s": 0.20962056081444555,
  "markout_1s": 0.035012489591998104,
  "markout_5s": 0.06591666666665333,
  "markout_15s": 0.08860601001668432,
  "inventory": {
    "mean": -0.0686194098883576,
    "p10": -0.17125000000000024,
    "p90": 0.06117999999999984,
    "p95": 0.10661999999999962,
    "max_abs": 0.4032499999999998
  },
  "fee_breakdown": {
    "fees": 0.0,
    "rebates": 0.0,
    "funding": 0.0
  }
}