{
  "num_blocks": 3104,
  "num_fills": 1433,
  "notional_traded": 228515.43557894544,
  "fill_rate": 0.23083118556701032,
  "pnl": 4.283056551063631,
  "max_drawdown": -0.4711794810300136,
  "stop_trigger_count": 0,
  "pull_trigger_count": 0,
  "stop_trigger_rate": 0.0,
  "pull_trigger_rate": 0.0,
  "fills_when_stop": 0,
  "fills_when_pull": 0,
  "pnl_when_stop": 0.0,
  "pnl_when_pull": 0.0,
  "realized_spread_1s": 0.08914534332738262,
  "realized_spread_5s": 0.10084344870265817,
  "realized_spread_15s": 0.09860275518206907,
  "markout_1s": 0.007541899441350118,
  "markout_5s": 0.019335664335666625,
  "markout_15s": 0.01702873160477525,
  "inventory": {
    "mean": -0.018451240335051213,
    "p10": -0.1389299999999998,
    "p90": 0.12819500000000067,
    "p95": 0.15044250000000037,
    "max_abs": 0.3221499999999998
  },
  "fee_breakdown": {
    "fees": 0.0,
    "rebates": 0.0,
    "funding": 0.0
  }
}