{
  "num_blocks": 3172,
  "num_fills": 1246,
  "notional_traded": 194903.01284546644,
  "fill_rate": 0.19640605296343,
  "pnl": 1.7777644433002748,
  "max_drawdown": -0.332178987413134,
  "stop_trigger_count": 0,
  "pull_trigger_count": 142,
  "stop_trigger_rate": 0.0,
  "pull_trigger_rate": 0.04476670870113493,
  "fills_when_stop": 0,
  "fills_when_pull": 108,
  "pnl_when_stop": 0.0,
  "pnl_when_pull": 0.5455793283616531,
  "realized_spread_1s": 0.06087346211293962,
  "realized_spread_5s": 0.057548862484108974,
  "realized_spread_15s": 0.06343389685657284,
  "markout_1s": -0.0017656500802603254,
  "markout_5s": -0.005100401606434761,
  "markout_15s": 0.0007642799678145226,
  "inventory": {
    "mean": 0.01426959331651971,
    "p10": -0.11795999999999975,
    "p90": 0.13288500000000028,
    "p95": 0.15890750000000017,
    "max_abs": 0.25194999999999984
  },
  "fee_breakdown": {
    "fees": 0.0,
    "rebates": 0.0,
    "funding": 0.0
  }
}