{
  "num_blocks": 3180,
  "num_fills": 1402,
  "notional_traded": 202607.26283951508,
  "fill_rate": 0.22044025157232705,
  "pnl": 1.2593564201499294,
  "max_drawdown": -0.2614660593763898,
  "stop_trigger_count": 0,
  "pull_trigger_count": 63,
  "stop_trigger_rate": 0.0,
  "pull_trigger_rate": 0.01981132075471698,
  "fills_when_stop": 0,
  "fills_when_pull": 44,
  "pnl_when_stop": 0.0,
  "pnl_when_pull": -0.4308944321808678,
  "realized_spread_1s": 0.05562702457234488,
  "realized_spread_5s": 0.056411618010290605,
  "realized_spread_15s": 0.052563634607456604,
  "markout_1s": -0.0018901569186892757,
  "markout_5s": -0.0011055634807435489,
  "markout_15s": -0.0049642857142787634,
  "inventory": {
    "mean": 0.05517908805031504,
    "p10": -0.09576999999999936,
    "p90": 0.15980000000000055,
    "p95": 0.17465000000000014,
    "max_abs": 0.33575000000000077
  },
  "fee_breakdown": {
    "fees": 0.0,
    "rebates": 0.0,
    "funding": 0.0
  }
}