{
  "num_blocks": 3178,
  "num_fills": 937,
  "notional_traded": 83891.8704955126,
  "fill_rate": 0.1474197608558842,
  "pnl": 0.30866440089696173,
  "max_drawdown": -0.736495796794809,
  "stop_trigger_count": 0,
  "pull_trigger_count": 590,
  "stop_trigger_rate": 0.0,
  "pull_trigger_rate": 0.1856513530522341,
  "fills_when_stop": 0,
  "fills_when_pull": 89,
  "pnl_when_stop": 0.0,
  "pnl_when_pull": 0.28694661400318383,
  "realized_spread_1s": 0.07814646727280442,
  "realized_spread_5s": 0.08724410677498436,
  "realized_spread_15s": 0.07596274365981302,
  "markout_1s": 0.004589114194238091,
  "markout_5s": 0.013636363636357314,
  "markout_15s": 0.002304394426569809,
  "inventory": {
    "mean": 0.005053020767778762,
    "p10": -0.12305,
    "p90": 0.13581500000000063,
    "p95": 0.1509500000000004,
    "max_abs": 0.2813999999999999
  },
  "fee_breakdown": {
    "fees": 0.0,
    "rebates": 0.0,
    "funding": 0.0
  }
}