{
  "num_blocks": 3163,
  "num_fills": 1274,
  "notional_traded": 206443.64772261586,
  "fill_rate": 0.20139108441353146,
  "pnl": 1.5157095882422453,
  "max_drawdown": -0.1574457983585329,
  "stop_trigger_count": 0,
  "pull_trigger_count": 0,
  "stop_trigger_rate": 0.0,
  "pull_trigger_rate": 0.0,
  "fills_when_stop": 0,
  "fills_when_pull": 0,
  "pnl_when_stop": 0.0,
  "pnl_when_pull": 0.0,
  "realized_spread_1s": 0.05647760092596703,
  "realized_spread_5s": 0.05640413478372605,
  "realized_spread_15s": 0.05074879212239286,
  "markout_1s": 0.000549450549447908,
  "markout_5s": 0.00047132757266114323,
  "markout_15s": -0.005188679245284735,
  "inventory": {
    "mean": -0.019520218147328478,
    "p10": -0.1393000000000001,
    "p90": 0.11169999999999992,
    "p95": 0.13941999999999968,
    "max_abs": 0.24854999999999988
  },
  "fee_breakdown": {
    "fees": 0.0,
    "rebates": 0.0,
    "funding": 0.0
  }
}