{
  "num_blocks": 3178,
  "num_fills": 958,
  "notional_traded": 87004.6416113992,
  "fill_rate": 0.15072372561359346,
  "pnl": 0.6390970107056135,
  "max_drawdown": -0.5535819755901438,
  "stop_trigger_count": 0,
  "pull_trigger_count": 590,
  "stop_trigger_rate": 0.0,
  "pull_trigger_rate": 0.1856513530522341,
  "fills_when_stop": 0,
  "fills_when_pull": 104,
  "pnl_when_stop": 0.0,
  "pnl_when_pull": 1.0369484548725403,
  "realized_spread_1s": 0.07918593482286848,
  "realized_spread_5s": 0.08787670037688561,
  "realized_spread_15s": 0.08203367459150887,
  "markout_1s": 0.0023486430062635228,
  "markout_5s": 0.010983263598321602,
  "markout_15s": 0.005083857442340287,
  "inventory": {
    "mean": 0.013888074260541517,
    "p10": -0.11859999999999998,
    "p90": 0.13635000000000003,
    "p95": 0.1524000000000003,
    "max_abs": 0.28179999999999994
  },
  "fee_breakdown": {
    "fees": 0.0,
    "rebates": 0.0,
    "funding": 0.0
  }
}