{
  "num_blocks": 3163,
  "num_fills": 1419,
  "notional_traded": 221737.31472232827,
  "fill_rate": 0.22431236168194751,
  "pnl": 1.1917731449822766,
  "max_drawdown": -0.24643357471069782,
  "stop_trigger_count": 0,
  "pull_trigger_count": 0,
  "stop_trigger_rate": 0.0,
  "pull_trigger_rate": 0.0,
  "fills_when_stop": 0,
  "fills_when_pull": 0,
  "pnl_when_stop": 0.0,
  "pnl_when_pull": 0.0,
  "realized_spread_1s": 0.05904617096184326,
  "realized_spread_5s": 0.06013848949602527,
  "realized_spread_15s": 0.05788338026417935,
  "markout_1s": 0.0012332628611679151,
  "markout_5s": 0.002325581395349927,
  "markout_15s": 7.047216350400791e-05,
  "inventory": {
    "mean": 0.03158338602592544,
    "p10": -0.11764999999999898,
    "p90": 0.14897000000000057,
    "p95": 0.1623000000000002,
    "max_abs": 0.32070000000000065
  },
  "fee_breakdown": {
    "fees": 0.0,
    "rebates": 0.0,
    "funding": 0.0
  }
}