{
  "num_blocks": 3135,
  "num_fills": 1835,
  "notional_traded": 306172.22560968844,
  "fill_rate": 0.2926634768740032,
  "pnl": 5.0112272230450845,
  "max_drawdown": -1.0040077528795188,
  "stop_trigger_count": 0,
  "pull_trigger_count": 0,
  "stop_trigger_rate": 0.0,
  "pull_trigger_rate": 0.0,
  "fills_when_stop": 0,
  "fills_when_pull": 0,
  "pnl_when_stop": 0.0,
  "pnl_when_pull": 0.0,
  "realized_spread_1s": 0.13380153651313695,
  "realized_spread_5s": 0.1532179235199839,
  "realized_spread_15s": 0.16790159538824034,
  "markout_1s": 0.020583424209378656,
  "markout_5s": 0.03989623156744809,
  "markout_15s": 0.05475669764898782,
  "inventory": {
    "mean": -0.05870065390749601,
    "p10": -0.17755000000000007,
    "p90": 0.10190000000000005,
    "p95": 0.14440000000000017,
    "max_abs": 0.5206
  },
  "fee_breakdown": {
    "fees": 0.0,
    "rebates": 0.0,
    "funding": 0.0
  }
}