{
  "num_blocks": 3157,
  "num_fills": 1472,
  "notional_traded": 235678.36385678741,
  "fill_rate": 0.233132720937599,
  "pnl": 3.4529674158478105,
  "max_drawdown": -1.01093840116043,
  "stop_trigger_count": 0,
  "pull_trigger_count": 206,
  "stop_trigger_rate": 0.0,
  "pull_trigger_rate": 0.06525182134938233,
  "fills_when_stop": 0,
  "fills_when_pull": 211,
  "pnl_when_stop": 0.0,
  "pnl_when_pull": 0.5215533487837518,
  "realized_spread_1s": 0.11333746618703734,
  "realized_spread_5s": 0.13799337022627417,
  "realized_spread_15s": 0.14251516407519937,
  "markout_1s": 0.0135961930659403,
  "markout_5s": 0.03869979577944019,
  "markout_15s": 0.04339237057220293,
  "inventory": {
    "mean": -0.06574938232499236,
    "p10": -0.16275000000000017,
    "p90": 0.0724999999999999,
    "p95": 0.10975999999999961,
    "max_abs": 0.37640000000000073
  },
  "fee_breakdown": {
    "fees": 0.0,
    "rebates": 0.0,
    "funding": 0.0
  }
}