{
  "num_blocks": 3135,
  "num_fills": 1826,
  "notional_traded": 304669.7641853491,
  "fill_rate": 0.2912280701754386,
  "pnl": 4.772474374355166,
  "max_drawdown": -0.8276733147371038,
  "stop_trigger_count": 0,
  "pull_trigger_count": 0,
  "stop_trigger_rate": 0.0,
  "pull_trigger_rate": 0.0,
  "fills_when_stop": 0,
  "fills_when_pull": 0,
  "pnl_when_stop": 0.0,
  "pnl_when_pull": 0.0,
  "realized_spread_1s": 0.1337387043537129,
  "realized_spread_5s": 0.15130177479184195,
  "realized_spread_15s": 0.15951297937700654,
  "markout_1s": 0.02010958904109604,
  "markout_5s": 0.03760285244103211,
  "markout_15s": 0.04599121361889222,
  "inventory": {
    "mean": -0.055981435406698685,
    "p10": -0.1676500000000002,
    "p90": 0.10061999999999982,
    "p95": 0.14470000000000005,
    "max_abs": 0.5193000000000002
  },
  "fee_breakdown": {
    "fees": 0.0,
    "rebates": 0.0,
    "funding": 0.0
  }
}