{
  "num_blocks": 3152,
  "num_fills": 1296,
  "notional_traded": 182429.8462309693,
  "fill_rate": 0.20558375634517767,
  "pnl": 1.8521460859238266,
  "max_drawdown": -0.2657967595537767,
  "stop_trigger_count": 0,
  "pull_trigger_count": 186,
  "stop_trigger_rate": 0.0,
  "pull_trigger_rate": 0.05901015228426396,
  "fills_when_stop": 0,
  "fills_when_pull": 161,
  "pnl_when_stop": 0.0,
  "pnl_when_pull": 0.026389620802278455,
  "realized_spread_1s": 0.06303501948073069,
  "realized_spread_5s": 0.0671377492254996,
  "realized_spread_15s": 0.07145660111912465,
  "markout_1s": 0.0012731481481482183,
  "markout_5s": 0.0053667953667913635,
  "markout_15s": 0.00966744006187232,
  "inventory": {
    "mean": -0.005321652918781522,
    "p10": -0.13514999999999994,
    "p90": 0.12963000000000038,
    "p95": 0.15675000000000006,
    "max_abs": 0.26184999999999997
  },
  "fee_breakdown": {
    "fees": 0.0,
    "rebates": 0.0,
    "funding": 0.0
  }
}