{
  "num_blocks": 3163,
  "num_fills": 1421,
  "notional_traded": 222019.81691732828,
  "fill_rate": 0.2246285172304774,
  "pnl": 1.1897390440501558,
  "max_drawdown": -0.24643357471069782,
  "stop_trigger_count": 0,
  "pull_trigger_count": 0,
  "stop_trigger_rate": 0.0,
  "pull_trigger_rate": 0.0,
  "fills_when_stop": 0,
  "fills_when_pull": 0,
  "pnl_when_stop": 0.0,
  "pnl_when_pull": 0.0,
  "realized_spread_1s": 0.05868157395837857,
  "realized_spread_5s": 0.05970198212164663,
  "realized_spread_15s": 0.05702780900413163,
  "markout_1s": 0.0008796622097095506,
  "markout_5s": 0.0019000703729776089,
  "markout_15s": -0.0007741027445373898,
  "inventory": {
    "mean": 0.03392633575719323,
    "p10": -0.11649999999999897,
    "p90": 0.14955000000000088,
    "p95": 0.16365000000000002,
    "max_abs": 0.32070000000000065
  },
  "fee_breakdown": {
    "fees": 0.0,
    "rebates": 0.0,
    "funding": 0.0
  }
}