{
  "num_blocks": 3152,
  "num_fills": 1230,
  "notional_traded": 191354.31678977064,
  "fill_rate": 0.19511421319796954,
  "pnl": 2.236174142155259,
  "max_drawdown": -0.25980801366478756,
  "stop_trigger_count": 0,
  "pull_trigger_count": 0,
  "stop_trigger_rate": 0.0,
  "pull_trigger_rate": 0.0,
  "fills_when_stop": 0,
  "fills_when_pull": 0,
  "pnl_when_stop": 0.0,
  "pnl_when_pull": 0.0,
  "realized_spread_1s": 0.0648289950965931,
  "realized_spread_5s": 0.06836558046244336,
  "realized_spread_15s": 0.07143178516583376,
  "markout_1s": 0.0022357723577243168,
  "markout_5s": 0.005772357723574574,
  "markout_15s": 0.008828315703824913,
  "inventory": {
    "mean": -0.0014873096446700019,
    "p10": -0.14205000000000004,
    "p90": 0.14314999999999997,
    "p95": 0.16289999999999996,
    "max_abs": 0.2759
  },
  "fee_breakdown": {
    "fees": 0.0,
    "rebates": 0.0,
    "funding": 0.0
  }
}