{
  "num_blocks": 3157,
  "num_fills": 1475,
  "notional_traded": 246060.06799227765,
  "fill_rate": 0.23360785555907507,
  "pnl": 4.136707595054786,
  "max_drawdown": -1.0225981735239063,
  "stop_trigger_count": 0,
  "pull_trigger_count": 0,
  "stop_trigger_rate": 0.0,
  "pull_trigger_rate": 0.0,
  "fills_when_stop": 0,
  "fills_when_pull": 0,
  "pnl_when_stop": 0.0,
  "pnl_when_pull": 0.0,
  "realized_spread_1s": 0.10964523896393638,
  "realized_spread_5s": 0.12989805049871797,
  "realized_spread_15s": 0.13301150940456521,
  "markout_1s": 0.00980325644504675,
  "markout_5s": 0.03050271739130719,
  "markout_15s": 0.03378653976886954,
  "inventory": {
    "mean": -0.06689436173582529,
    "p10": -0.16449999999999998,
    "p90": 0.07859999999999998,
    "p95": 0.1110699999999997,
    "max_abs": 0.3641000000000003
  },
  "fee_breakdown": {
    "fees": 0.0,
    "rebates": 0.0,
    "funding": 0.0
  }
}