{
  "num_blocks": 3101,
  "num_fills": 1350,
  "notional_traded": 214979.79268236848,
  "fill_rate": 0.21767171880038697,
  "pnl": 3.617346053519102,
  "max_drawdown": -0.490086956793679,
  "stop_trigger_count": 0,
  "pull_trigger_count": 0,
  "stop_trigger_rate": 0.0,
  "pull_trigger_rate": 0.0,
  "fills_when_stop": 0,
  "fills_when_pull": 0,
  "pnl_when_stop": 0.0,
  "pnl_when_pull": 0.0,
  "realized_spread_1s": 0.08036182664124984,
  "realized_spread_5s": 0.09254148700199132,
  "realized_spread_15s": 0.0930500860918269,
  "markout_1s": 0.00496296296297226,
  "markout_5s": 0.01712379540401166,
  "markout_15s": 0.017594654788430388,
  "inventory": {
    "mean": -0.00264329248629445,
    "p10": -0.1413999999999996,
    "p90": 0.14800000000000005,
    "p95": 0.16830000000000048,
    "max_abs": 0.30209999999999965
  },
  "fee_breakdown": {
    "fees": 0.0,
    "rebates": 0.0,
    "funding": 0.0
  }
}