{
  "num_blocks": 3163,
  "num_fills": 1448,
  "notional_traded": 219686.08839732828,
  "fill_rate": 0.22889661713563073,
  "pnl": 1.2677411787944315,
  "max_drawdown": -0.25687124300240616,
  "stop_trigger_count": 0,
  "pull_trigger_count": 59,
  "stop_trigger_rate": 0.0,
  "pull_trigger_rate": 0.018653177363262725,
  "fills_when_stop": 0,
  "fills_when_pull": 45,
  "pnl_when_stop": 0.0,
  "pnl_when_pull": -0.07305263217724503,
  "realized_spread_1s": 0.058588754554456834,
  "realized_spread_5s": 0.06076416891909903,
  "realized_spread_15s": 0.05848516339424551,
  "markout_1s": 0.0009323204419866892,
  "markout_5s": 0.003107734806628892,
  "markout_15s": 0.0008287292817753674,
  "inventory": {
    "mean": 0.03357236800505911,
    "p10": -0.11079999999999911,
    "p90": 0.14665000000000025,
    "p95": 0.16425000000000053,
    "max_abs": 0.33115000000000056
  },
  "fee_breakdown": {
    "fees": 0.0,
    "rebates": 0.0,
    "funding": 0.0
  }
}