{
  "num_blocks": 3125,
  "num_fills": 1519,
  "notional_traded": 239083.44879172256,
  "fill_rate": 0.24304,
  "pnl": 4.111004023829014,
  "max_drawdown": -0.4199205076873064,
  "stop_trigger_count": 0,
  "pull_trigger_count": 0,
  "stop_trigger_rate": 0.0,
  "pull_trigger_rate": 0.0,
  "fills_when_stop": 0,
  "fills_when_pull": 0,
  "pnl_when_stop": 0.0,
  "pnl_when_pull": 0.0,
  "realized_spread_1s": 0.09023947767907799,
  "realized_spread_5s": 0.10714612606651187,
  "realized_spread_15s": 0.1002861565127649,
  "markout_1s": 0.008596837944667148,
  "markout_5s": 0.02546174142479965,
  "markout_15s": 0.018580858085810743,
  "inventory": {
    "mean": -0.001270143999999807,
    "p10": -0.1324,
    "p90": 0.13790000000000027,
    "p95": 0.15425000000000014,
    "max_abs": 0.31575
  },
  "fee_breakdown": {
    "fees": 0.0,
    "rebates": 0.0,
    "funding": 0.0
  }
}