{
  "num_blocks": 3171,
  "num_fills": 1234,
  "notional_traded": 191586.4989128964,
  "fill_rate": 0.1945758435824661,
  "pnl": 1.4852168702140092,
  "max_drawdown": -0.2882070646447321,
  "stop_trigger_count": 0,
  "pull_trigger_count": 0,
  "stop_trigger_rate": 0.0,
  "pull_trigger_rate": 0.0,
  "fills_when_stop": 0,
  "fills_when_pull": 0,
  "pnl_when_stop": 0.0,
  "pnl_when_pull": 0.0,
  "realized_spread_1s": 0.06069291246785577,
  "realized_spread_5s": 0.06591981684386305,
  "realized_spread_15s": 0.06378349877155748,
  "markout_1s": -0.0011345218800707998,
  "markout_5s": 0.004092382495936491,
  "markout_15s": 0.0019464720194559424,
  "inventory": {
    "mean": 0.026245253863134865,
    "p10": -0.11929999999999967,
    "p90": 0.1497000000000003,
    "p95": 0.16465000000000035,
    "max_abs": 0.27620000000000033
  },
  "fee_breakdown": {
    "fees": 0.0,
    "rebates": 0.0,
    "funding": 0.0
  }
}