{
  "num_blocks": 3126,
  "num_fills": 926,
  "notional_traded": 105221.44076236273,
  "fill_rate": 0.14811260396673065,
  "pnl": 0.4164959278696932,
  "max_drawdown": -2.3120054910519094,
  "stop_trigger_count": 0,
  "pull_trigger_count": 681,
  "stop_trigger_rate": 0.0,
  "pull_trigger_rate": 0.21785028790786948,
  "fills_when_stop": 0,
  "fills_when_pull": 137,
  "pnl_when_stop": 0.0,
  "pnl_when_pull": 0.6891007768203636,
  "realized_spread_1s": 0.0744006918719652,
  "realized_spread_5s": 0.08244604824346462,
  "realized_spread_15s": 0.07191021717905595,
  "markout_1s": 0.002969762419007953,
  "markout_5s": 0.011015118790507367,
  "markout_15s": 0.0004329004329098822,
  "inventory": {
    "mean": -0.02318429302623164,
    "p10": -0.1297000000000001,
    "p90": 0.11589999999999995,
    "p95": 0.1397,
    "max_abs": 0.42255
  },
  "fee_breakdown": {
    "fees": 0.0,
    "rebates": 0.0,
    "funding": 0.0
  }
}