{
  "num_blocks": 3176,
  "num_fills": 1167,
  "notional_traded": 183927.62511199305,
  "fill_rate": 0.18372166246851385,
  "pnl": 1.5460868485370125,
  "max_drawdown": -0.5349782357917872,
  "stop_trigger_count": 0,
  "pull_trigger_count": 105,
  "stop_trigger_rate": 0.0,
  "pull_trigger_rate": 0.03306045340050378,
  "fills_when_stop": 0,
  "fills_when_pull": 105,
  "pnl_when_stop": 0.0,
  "pnl_when_pull": -0.2156057300604819,
  "realized_spread_1s": 0.07742348423199852,
  "realized_spread_5s": 0.08955146958751614,
  "realized_spread_15s": 0.09331755097436426,
  "markout_1s": 0.004978540772541323,
  "markout_5s": 0.017067927773012904,
  "markout_15s": 0.020775862068960736,
  "inventory": {
    "mean": -0.04973197418136041,
    "p10": -0.15180000000000016,
    "p90": 0.08342499999999975,
    "p95": 0.11046249999999966,
    "max_abs": 0.29554999999999965
  },
  "fee_breakdown": {
    "fees": 0.0,
    "rebates": 0.0,
    "funding": 0.0
  }
}