{
  "num_blocks": 3163,
  "num_fills": 1283,
  "notional_traded": 206881.24340761596,
  "fill_rate": 0.2028137843819159,
  "pnl": 1.4793416090707723,
  "max_drawdown": -0.15163233537672838,
  "stop_trigger_count": 0,
  "pull_trigger_count": 0,
  "stop_trigger_rate": 0.0,
  "pull_trigger_rate": 0.0,
  "fills_when_stop": 0,
  "fills_when_pull": 0,
  "pnl_when_stop": 0.0,
  "pnl_when_pull": 0.0,
  "realized_spread_1s": 0.05635421946974427,
  "realized_spread_5s": 0.057100205600377034,
  "realized_spread_15s": 0.05191449147516173,
  "markout_1s": 0.0004676539360850979,
  "markout_5s": 0.0012090483619332003,
  "markout_15s": -0.003981264637004756,
  "inventory": {
    "mean": -0.01700837812203605,
    "p10": -0.13809999999999986,
    "p90": 0.1165000000000001,
    "p95": 0.1430500000000001,
    "max_abs": 0.24854999999999988
  },
  "fee_breakdown": {
    "fees": 0.0,
    "rebates": 0.0,
    "funding": 0.0
  }
}