{
  "num_blocks": 3176,
  "num_fills": 1168,
  "notional_traded": 191663.87883571396,
  "fill_rate": 0.18387909319899245,
  "pnl": 1.8090840284996348,
  "max_drawdown": -0.6924687105679013,
  "stop_trigger_count": 0,
  "pull_trigger_count": 0,
  "stop_trigger_rate": 0.0,
  "pull_trigger_rate": 0.0,
  "fills_when_stop": 0,
  "fills_when_pull": 0,
  "pnl_when_stop": 0.0,
  "pnl_when_pull": 0.0,
  "realized_spread_1s": 0.07980773938093318,
  "realized_spread_5s": 0.09058043974016332,
  "realized_spread_15s": 0.09068529875756559,
  "markout_1s": 0.007669237360760929,
  "markout_5s": 0.0183848797250938,
  "markout_15s": 0.018432385874239367,
  "inventory": {
    "mean": -0.04962164672544084,
    "p10": -0.16215000000000004,
    "p90": 0.08969999999999997,
    "p95": 0.11897500000000005,
    "max_abs": 0.28400000000000003
  },
  "fee_breakdown": {
    "fees": 0.0,
    "rebates": 0.0,
    "funding": 0.0
  }
}