{
  "num_blocks": 3126,
  "num_fills": 933,
  "notional_traded": 105805.15984837561,
  "fill_rate": 0.14923224568138196,
  "pnl": 0.37446121843871333,
  "max_drawdown": -2.3166459568947886,
  "stop_trigger_count": 0,
  "pull_trigger_count": 681,
  "stop_trigger_rate": 0.0,
  "pull_trigger_rate": 0.21785028790786948,
  "fills_when_stop": 0,
  "fills_when_pull": 137,
  "pnl_when_stop": 0.0,
  "pnl_when_pull": -0.36751247021687583,
  "realized_spread_1s": 0.07517329104482573,
  "realized_spread_5s": 0.0851251937176292,
  "realized_spread_15s": 0.07794266725250397,
  "markout_1s": 0.002518756698821885,
  "markout_5s": 0.012446351931339646,
  "markout_15s": 0.005215053763447608,
  "inventory": {
    "mean": -0.022428055022392857,
    "p10": -0.12955,
    "p90": 0.11599999999999994,
    "p95": 0.14074999999999993,
    "max_abs": 0.42255
  },
  "fee_breakdown": {
    "fees": 0.0,
    "rebates": 0.0,
    "funding": 0.0
  }
}