{
  "num_blocks": 3190,
  "num_fills": 1320,
  "notional_traded": 187438.77669471328,
  "fill_rate": 0.20689655172413793,
  "pnl": 1.3942598589785236,
  "max_drawdown": -0.25091867302201926,
  "stop_trigger_count": 0,
  "pull_trigger_count": 0,
  "stop_trigger_rate": 0.0,
  "pull_trigger_rate": 0.0,
  "fills_when_stop": 0,
  "fills_when_pull": 0,
  "pnl_when_stop": 0.0,
  "pnl_when_pull": 0.0,
  "realized_spread_1s": 0.05745134857970063,
  "realized_spread_5s": 0.05711557570305742,
  "realized_spread_15s": 0.05375063072802895,
  "markout_1s": -0.00276724791508898,
  "markout_5s": -0.0031107738998464606,
  "markout_15s": -0.006506849315066901,
  "inventory": {
    "mean": 0.07889420062695972,
    "p10": -0.026549999999999706,
    "p90": 0.16431000000000046,
    "p95": 0.18350000000000066,
    "max_abs": 0.32090000000000096
  },
  "fee_breakdown": {
    "fees": 0.0,
    "rebates": 0.0,
    "funding": 0.0
  }
}