{
  "num_blocks": 3104,
  "num_fills": 880,
  "notional_traded": 92520.33482745534,
  "fill_rate": 0.14175257731958762,
  "pnl": 0.1752673515424818,
  "max_drawdown": -2.364781324780963,
  "stop_trigger_count": 0,
  "pull_trigger_count": 704,
  "stop_trigger_rate": 0.0,
  "pull_trigger_rate": 0.2268041237113402,
  "fills_when_stop": 0,
  "fills_when_pull": 152,
  "pnl_when_stop": 0.0,
  "pnl_when_pull": -0.9612611789271228,
  "realized_spread_1s": 0.09964891683910948,
  "realized_spread_5s": 0.10505853975122184,
  "realized_spread_15s": 0.09244731188752017,
  "markout_1s": 0.012059158134249563,
  "markout_5s": 0.017653758542142784,
  "markout_15s": 0.004914285714295277,
  "inventory": {
    "mean": -0.07519932345360814,
    "p10": -0.14774999999999988,
    "p90": 0.02375000000000022,
    "p95": 0.06578749999999997,
    "max_abs": 0.42179999999999995
  },
  "fee_breakdown": {
    "fees": 0.0,
    "rebates": 0.0,
    "funding": 0.0
  }
}