{
  "num_blocks": 3171,
  "num_fills": 1230,
  "notional_traded": 191586.68228789637,
  "fill_rate": 0.19394512771996217,
  "pnl": 1.5074762557598418,
  "max_drawdown": -0.2882070646447321,
  "stop_trigger_count": 0,
  "pull_trigger_count": 0,
  "stop_trigger_rate": 0.0,
  "pull_trigger_rate": 0.0,
  "fills_when_stop": 0,
  "fills_when_pull": 0,
  "pnl_when_stop": 0.0,
  "pnl_when_pull": 0.0,
  "realized_spread_1s": 0.06064638535393069,
  "realized_spread_5s": 0.06572768616693327,
  "realized_spread_15s": 0.06334015783997723,
  "markout_1s": -0.001219512195127497,
  "markout_5s": 0.0038617886178750876,
  "markout_15s": 0.0014646053702120686,
  "inventory": {
    "mean": 0.0261257489750869,
    "p10": -0.11939999999999984,
    "p90": 0.1497000000000003,
    "p95": 0.1646250000000003,
    "max_abs": 0.27774999999999983
  },
  "fee_breakdown": {
    "fees": 0.0,
    "rebates": 0.0,
    "funding": 0.0
  }
}