{
  "num_blocks": 3176,
  "num_fills": 1166,
  "notional_traded": 183562.68596532385,
  "fill_rate": 0.18356423173803527,
  "pnl": 1.329584338543733,
  "max_drawdown": -0.5343572290167411,
  "stop_trigger_count": 0,
  "pull_trigger_count": 105,
  "stop_trigger_rate": 0.0,
  "pull_trigger_rate": 0.03306045340050378,
  "fills_when_stop": 0,
  "fills_when_pull": 101,
  "pnl_when_stop": 0.0,
  "pnl_when_pull": -0.06032763508147815,
  "realized_spread_1s": 0.07864979306725087,
  "realized_spread_5s": 0.08898309735824746,
  "realized_spread_15s": 0.08606415800713334,
  "markout_1s": 0.006185567010318108,
  "markout_5s": 0.016480206540459716,
  "markout_15s": 0.013503019844691426,
  "inventory": {
    "mean": -0.051260295969773446,
    "p10": -0.16245000000000023,
    "p90": 0.0912,
    "p95": 0.11334999999999998,
    "max_abs": 0.2869499999999998
  },
  "fee_breakdown": {
    "fees": 0.0,
    "rebates": 0.0,
    "funding": 0.0
  }
}