{
  "num_blocks": 3171,
  "num_fills": 1231,
  "notional_traded": 191564.49120789635,
  "fill_rate": 0.19410280668558813,
  "pnl": 1.4557772474453246,
  "max_drawdown": -0.2882070646447321,
  "stop_trigger_count": 0,
  "pull_trigger_count": 0,
  "stop_trigger_rate": 0.0,
  "pull_trigger_rate": 0.0,
  "fills_when_stop": 0,
  "fills_when_pull": 0,
  "pnl_when_stop": 0.0,
  "pnl_when_pull": 0.0,
  "realized_spread_1s": 0.06063773678743698,
  "realized_spread_5s": 0.06595861412293118,
  "realized_spread_15s": 0.0638984178742544,
  "markout_1s": -0.0012185215272191886,
  "markout_5s": 0.004102355808275011,
  "markout_15s": 0.0020325203251962275,
  "inventory": {
    "mean": 0.026614664143803462,
    "p10": -0.11954999999999971,
    "p90": 0.1497000000000003,
    "p95": 0.16455000000000036,
    "max_abs": 0.27600000000000036
  },
  "fee_breakdown": {
    "fees": 0.0,
    "rebates": 0.0,
    "funding": 0.0
  }
}