{
  "num_blocks": 3101,
  "num_fills": 825,
  "notional_traded": 89121.10581765136,
  "fill_rate": 0.13302160593356982,
  "pnl": 0.3577044281576032,
  "max_drawdown": -2.445959111848287,
  "stop_trigger_count": 0,
  "pull_trigger_count": 675,
  "stop_trigger_rate": 0.0,
  "pull_trigger_rate": 0.21767171880038697,
  "fills_when_stop": 0,
  "fills_when_pull": 142,
  "pnl_when_stop": 0.0,
  "pnl_when_pull": 0.551902790142064,
  "realized_spread_1s": 0.08442821891743182,
  "realized_spread_5s": 0.08362048617340731,
  "realized_spread_15s": 0.07515586951019572,
  "markout_1s": 0.00600000000000474,
  "markout_5s": 0.005157766990303955,
  "markout_15s": -0.0033414337788412606,
  "inventory": {
    "mean": -0.06287423411802648,
    "p10": -0.1413000000000001,
    "p90": 0.06225000000000002,
    "p95": 0.10179999999999999,
    "max_abs": 0.43385000000000007
  },
  "fee_breakdown": {
    "fees": 0.0,
    "rebates": 0.0,
    "funding": 0.0
  }
}