{
  "num_blocks": 3180,
  "num_fills": 1398,
  "notional_traded": 205724.7367348016,
  "fill_rate": 0.219811320754717,
  "pnl": 1.245082388803215,
  "max_drawdown": -0.3150444925430599,
  "stop_trigger_count": 0,
  "pull_trigger_count": 0,
  "stop_trigger_rate": 0.0,
  "pull_trigger_rate": 0.0,
  "fills_when_stop": 0,
  "fills_when_pull": 0,
  "pnl_when_stop": 0.0,
  "pnl_when_pull": 0.0,
  "realized_spread_1s": 0.05645274362245247,
  "realized_spread_5s": 0.056524274380681375,
  "realized_spread_15s": 0.04851069884255022,
  "markout_1s": -0.0011087267525050077,
  "markout_5s": -0.0010371959942761081,
  "markout_15s": -0.009061604584520119,
  "inventory": {
    "mean": 0.055622625786164115,
    "p10": -0.08999999999999976,
    "p90": 0.1555000000000006,
    "p95": 0.17020000000000018,
    "max_abs": 0.31690000000000074
  },
  "fee_breakdown": {
    "fees": 0.0,
    "rebates": 0.0,
    "funding": 0.0
  }
}