{
  "num_blocks": 3178,
  "num_fills": 1378,
  "notional_traded": 187424.20379823475,
  "fill_rate": 0.21680302076777846,
  "pnl": 2.396245079535798,
  "max_drawdown": -0.31284598855083634,
  "stop_trigger_count": 0,
  "pull_trigger_count": 96,
  "stop_trigger_rate": 0.0,
  "pull_trigger_rate": 0.030207677784770296,
  "fills_when_stop": 0,
  "fills_when_pull": 93,
  "pnl_when_stop": 0.0,
  "pnl_when_pull": 0.10625091796105443,
  "realized_spread_1s": 0.07453041509082488,
  "realized_spread_5s": 0.08419543022903274,
  "realized_spread_15s": 0.08190306773135393,
  "markout_1s": 0.004862119013059307,
  "markout_5s": 0.014498546511619513,
  "markout_15s": 0.012163146394747927,
  "inventory": {
    "mean": 0.05354461925739513,
    "p10": -0.08255999999999987,
    "p90": 0.15110000000000093,
    "p95": 0.17395249999999995,
    "max_abs": 0.2803999999999991
  },
  "fee_breakdown": {
    "fees": 0.0,
    "rebates": 0.0,
    "funding": 0.0
  }
}