{
  "num_blocks": 3157,
  "num_fills": 968,
  "notional_traded": 113272.54840823918,
  "fill_rate": 0.15331010452961671,
  "pnl": 2.1987611692275397,
  "max_drawdown": -1.5617024448449643,
  "stop_trigger_count": 0,
  "pull_trigger_count": 741,
  "stop_trigger_rate": 0.0,
  "pull_trigger_rate": 0.23471650300918592,
  "fills_when_stop": 0,
  "fills_when_pull": 229,
  "pnl_when_stop": 0.0,
  "pnl_when_pull": 6.399133433617766,
  "realized_spread_1s": 0.13613676762460833,
  "realized_spread_5s": 0.17413912361968062,
  "realized_spread_15s": 0.19183394417151248,
  "markout_1s": 0.02404343329886058,
  "markout_5s": 0.06284974093263598,
  "markout_15s": 0.08066528066527821,
  "inventory": {
    "mean": -0.0722626544187522,
    "p10": -0.15725000000000014,
    "p90": 0.0521,
    "p95": 0.10064999999999978,
    "max_abs": 0.4044999999999998
  },
  "fee_breakdown": {
    "fees": 0.0,
    "rebates": 0.0,
    "funding": 0.0
  }
}