{
  "num_blocks": 3157,
  "num_fills": 990,
  "notional_traded": 119690.71907155607,
  "fill_rate": 0.156794425087108,
  "pnl": 2.3965665549899042,
  "max_drawdown": -1.4909448725823102,
  "stop_trigger_count": 0,
  "pull_trigger_count": 741,
  "stop_trigger_rate": 0.0,
  "pull_trigger_rate": 0.23471650300918592,
  "fills_when_stop": 0,
  "fills_when_pull": 251,
  "pnl_when_stop": 0.0,
  "pnl_when_pull": 7.719435891643537,
  "realized_spread_1s": 0.14527837187650255,
  "realized_spread_5s": 0.18832133524531247,
  "realized_spread_15s": 0.20820442874708078,
  "markout_1s": 0.025581395348834173,
  "markout_5s": 0.0692502532928004,
  "markout_15s": 0.08922764227642156,
  "inventory": {
    "mean": -0.07626426987646512,
    "p10": -0.1608500000000001,
    "p90": 0.04764999999999986,
    "p95": 0.1005,
    "max_abs": 0.4041
  },
  "fee_breakdown": {
    "fees": 0.0,
    "rebates": 0.0,
    "funding": 0.0
  }
}