{
  "num_blocks": 3151,
  "num_fills": 1413,
  "notional_traded": 194507.38565796608,
  "fill_rate": 0.2242145350682323,
  "pnl": 2.524677523753672,
  "max_drawdown": -0.3601281840672208,
  "stop_trigger_count": 0,
  "pull_trigger_count": 101,
  "stop_trigger_rate": 0.0,
  "pull_trigger_rate": 0.032053316407489686,
  "fills_when_stop": 0,
  "fills_when_pull": 103,
  "pnl_when_stop": 0.0,
  "pnl_when_pull": -0.16469834497315822,
  "realized_spread_1s": 0.08161670441923675,
  "realized_spread_5s": 0.0960362907344248,
  "realized_spread_15s": 0.09759657442236826,
  "markout_1s": 0.008823529411764577,
  "markout_5s": 0.023226950354607027,
  "markout_15s": 0.024787234042550482,
  "inventory": {
    "mean": 0.04065179308156174,
    "p10": -0.10095000000000001,
    "p90": 0.14885000000000081,
    "p95": 0.17780000000000004,
    "max_abs": 0.28790000000000093
  },
  "fee_breakdown": {
    "fees": 0.0,
    "rebates": 0.0,
    "funding": 0.0
  }
}