{
  "num_blocks": 3178,
  "num_fills": 1356,
  "notional_traded": 187914.65600720345,
  "fill_rate": 0.21334172435494023,
  "pnl": 2.40920039387279,
  "max_drawdown": -0.3322496589774782,
  "stop_trigger_count": 0,
  "pull_trigger_count": 0,
  "stop_trigger_rate": 0.0,
  "pull_trigger_rate": 0.0,
  "fills_when_stop": 0,
  "fills_when_pull": 0,
  "pnl_when_stop": 0.0,
  "pnl_when_pull": 0.0,
  "realized_spread_1s": 0.07342515435714425,
  "realized_spread_5s": 0.08228545739164278,
  "realized_spread_15s": 0.0762135524117549,
  "markout_1s": 0.003392330383478076,
  "markout_5s": 0.012223042836036455,
  "markout_15s": 0.006106587712798261,
  "inventory": {
    "mean": 0.0523584015103844,
    "p10": -0.08714499999999985,
    "p90": 0.1580000000000009,
    "p95": 0.17810000000000062,
    "max_abs": 0.2761500000000006
  },
  "fee_breakdown": {
    "fees": 0.0,
    "rebates": 0.0,
    "funding": 0.0
  }
}