{
  "num_blocks": 3125,
  "num_fills": 1513,
  "notional_traded": 236808.4600034802,
  "fill_rate": 0.24208,
  "pnl": 3.777383219194926,
  "max_drawdown": -0.5122212902423945,
  "stop_trigger_count": 0,
  "pull_trigger_count": 0,
  "stop_trigger_rate": 0.0,
  "pull_trigger_rate": 0.0,
  "fills_when_stop": 0,
  "fills_when_pull": 0,
  "pnl_when_stop": 0.0,
  "pnl_when_pull": 0.0,
  "realized_spread_1s": 0.09174561617503663,
  "realized_spread_5s": 0.11059637145785611,
  "realized_spread_15s": 0.10547093859127499,
  "markout_1s": 0.009947124917386712,
  "markout_5s": 0.028755790866972986,
  "markout_15s": 0.02360927152317947,
  "inventory": {
    "mean": -0.002455887999999882,
    "p10": -0.1265000000000001,
    "p90": 0.1312500000000002,
    "p95": 0.1481500000000001,
    "max_abs": 0.29895000000000005
  },
  "fee_breakdown": {
    "fees": 0.0,
    "rebates": 0.0,
    "funding": 0.0
  }
}