{
  "num_blocks": 3125,
  "num_fills": 892,
  "notional_traded": 94765.8974296306,
  "fill_rate": 0.14272,
  "pnl": -0.07694073449684995,
  "max_drawdown": -2.1191341519076206,
  "stop_trigger_count": 0,
  "pull_trigger_count": 726,
  "stop_trigger_rate": 0.0,
  "pull_trigger_rate": 0.23232,
  "fills_when_stop": 0,
  "fills_when_pull": 150,
  "pnl_when_stop": 0.0,
  "pnl_when_pull": -1.1492985789932813,
  "realized_spread_1s": 0.10393716571663968,
  "realized_spread_5s": 0.11413895943860451,
  "realized_spread_15s": 0.10136021528533593,
  "markout_1s": 0.013845291479827663,
  "markout_5s": 0.0240470852017925,
  "markout_15s": 0.01122334455667585,
  "inventory": {
    "mean": -0.07619436799999994,
    "p10": -0.1456,
    "p90": 0.013120000000000066,
    "p95": 0.0665999999999999,
    "max_abs": 0.38860000000000006
  },
  "fee_breakdown": {
    "fees": 0.0,
    "rebates": 0.0,
    "funding": 0.0
  }
}