{
  "num_blocks": 3152,
  "num_fills": 1232,
  "notional_traded": 191395.0667347706,
  "fill_rate": 0.19543147208121828,
  "pnl": 2.334673711102759,
  "max_drawdown": -0.26010978935208806,
  "stop_trigger_count": 0,
  "pull_trigger_count": 0,
  "stop_trigger_rate": 0.0,
  "pull_trigger_rate": 0.0,
  "fills_when_stop": 0,
  "fills_when_pull": 0,
  "pnl_when_stop": 0.0,
  "pnl_when_pull": 0.0,
  "realized_spread_1s": 0.06480492205260542,
  "realized_spread_5s": 0.06890394802662748,
  "realized_spread_15s": 0.07407771240358042,
  "markout_1s": 0.0022321428571435956,
  "markout_5s": 0.006331168831165657,
  "markout_15s": 0.011494719740047336,
  "inventory": {
    "mean": -0.00024831852791863695,
    "p10": -0.1388,
    "p90": 0.1418000000000003,
    "p95": 0.16785000000000033,
    "max_abs": 0.27680000000000005
  },
  "fee_breakdown": {
    "fees": 0.0,
    "rebates": 0.0,
    "funding": 0.0
  }
}