{
  "num_blocks": 3171,
  "num_fills": 1243,
  "notional_traded": 192905.1951484543,
  "fill_rate": 0.19599495427309996,
  "pnl": 1.7081010771994483,
  "max_drawdown": -0.26178769107961675,
  "stop_trigger_count": 0,
  "pull_trigger_count": 0,
  "stop_trigger_rate": 0.0,
  "pull_trigger_rate": 0.0,
  "fills_when_stop": 0,
  "fills_when_pull": 0,
  "pnl_when_stop": 0.0,
  "pnl_when_pull": 0.0,
  "realized_spread_1s": 0.05924883218481955,
  "realized_spread_5s": 0.06427698986783974,
  "realized_spread_15s": 0.06577801804003804,
  "markout_1s": -0.0024135156878574587,
  "markout_5s": 0.002614641995162725,
  "markout_15s": 0.004106280193228586,
  "inventory": {
    "mean": 0.024419426048565278,
    "p10": -0.11794999999999978,
    "p90": 0.14965000000000034,
    "p95": 0.16720000000000027,
    "max_abs": 0.27619999999999983
  },
  "fee_breakdown": {
    "fees": 0.0,
    "rebates": 0.0,
    "funding": 0.0
  }
}