{
  "num_blocks": 3104,
  "num_fills": 1441,
  "notional_traded": 230967.0838357605,
  "fill_rate": 0.23211984536082475,
  "pnl": 4.473835211130299,
  "max_drawdown": -0.42081397749529215,
  "stop_trigger_count": 0,
  "pull_trigger_count": 0,
  "stop_trigger_rate": 0.0,
  "pull_trigger_rate": 0.0,
  "fills_when_stop": 0,
  "fills_when_pull": 0,
  "pnl_when_stop": 0.0,
  "pnl_when_pull": 0.0,
  "realized_spread_1s": 0.09063301892333048,
  "realized_spread_5s": 0.10317214690513647,
  "realized_spread_15s": 0.09976414442480493,
  "markout_1s": 0.009236111111118502,
  "markout_5s": 0.021870653685675687,
  "markout_15s": 0.018397212543561043,
  "inventory": {
    "mean": -0.018841559278350295,
    "p10": -0.1389199999999998,
    "p90": 0.13202500000000042,
    "p95": 0.14815000000000025,
    "max_abs": 0.3130999999999998
  },
  "fee_breakdown": {
    "fees": 0.0,
    "rebates": 0.0,
    "funding": 0.0
  }
}