{
  "num_blocks": 3172,
  "num_fills": 1238,
  "notional_traded": 197979.9012115276,
  "fill_rate": 0.19514501891551073,
  "pnl": 1.767105901191818,
  "max_drawdown": -0.2939479753949184,
  "stop_trigger_count": 0,
  "pull_trigger_count": 0,
  "stop_trigger_rate": 0.0,
  "pull_trigger_rate": 0.0,
  "fills_when_stop": 0,
  "fills_when_pull": 0,
  "pnl_when_stop": 0.0,
  "pnl_when_pull": 0.0,
  "realized_spread_1s": 0.06100522428787717,
  "realized_spread_5s": 0.057457128268702376,
  "realized_spread_15s": 0.06498743338866382,
  "markout_1s": -0.0017366720516996637,
  "markout_5s": -0.005295068714641145,
  "markout_15s": 0.002224919093845246,
  "inventory": {
    "mean": 0.010124054224464251,
    "p10": -0.12094999999999967,
    "p90": 0.1305500000000003,
    "p95": 0.15306250000000007,
    "max_abs": 0.2879499999999997
  },
  "fee_breakdown": {
    "fees": 0.0,
    "rebates": 0.0,
    "funding": 0.0
  }
}