{
  "num_blocks": 3152,
  "num_fills": 1233,
  "notional_traded": 189147.9795547705,
  "fill_rate": 0.19559010152284265,
  "pnl": 2.132703710308918,
  "max_drawdown": -0.2750136561159615,
  "stop_trigger_count": 0,
  "pull_trigger_count": 0,
  "stop_trigger_rate": 0.0,
  "pull_trigger_rate": 0.0,
  "fills_when_stop": 0,
  "fills_when_pull": 0,
  "pnl_when_stop": 0.0,
  "pnl_when_pull": 0.0,
  "realized_spread_1s": 0.0643062968116878,
  "realized_spread_5s": 0.06856420435426282,
  "realized_spread_15s": 0.07369290906559191,
  "markout_1s": 0.00174371451743685,
  "markout_5s": 0.006001622060011869,
  "markout_15s": 0.011120129870127877,
  "inventory": {
    "mean": 0.0004588356598985693,
    "p10": -0.13765000000000005,
    "p90": 0.1416,
    "p95": 0.16107249999999984,
    "max_abs": 0.27630000000000005
  },
  "fee_breakdown": {
    "fees": 0.0,
    "rebates": 0.0,
    "funding": 0.0
  }
}