{
  "num_blocks": 3104,
  "num_fills": 1423,
  "notional_traded": 222479.01599483003,
  "fill_rate": 0.22922036082474226,
  "pnl": 3.9665409957088524,
  "max_drawdown": -0.4243740478704552,
  "stop_trigger_count": 0,
  "pull_trigger_count": 0,
  "stop_trigger_rate": 0.0,
  "pull_trigger_rate": 0.0,
  "fills_when_stop": 0,
  "fills_when_pull": 0,
  "pnl_when_stop": 0.0,
  "pnl_when_pull": 0.0,
  "realized_spread_1s": 0.08986004192683154,
  "realized_spread_5s": 0.10526829550700237,
  "realized_spread_15s": 0.1036915875934718,
  "markout_1s": 0.007981715893119107,
  "markout_5s": 0.023485915492961206,
  "markout_15s": 0.02184191954834914,
  "inventory": {
    "mean": -0.017610921391752268,
    "p10": -0.13844999999999996,
    "p90": 0.12730000000000047,
    "p95": 0.1598925000000003,
    "max_abs": 0.30789999999999984
  },
  "fee_breakdown": {
    "fees": 0.0,
    "rebates": 0.0,
    "funding": 0.0
  }
}