{
  "num_blocks": 3151,
  "num_fills": 1398,
  "notional_traded": 203724.04098469907,
  "fill_rate": 0.22183433830529992,
  "pnl": 2.7439590104054346,
  "max_drawdown": -0.36867369506785286,
  "stop_trigger_count": 0,
  "pull_trigger_count": 0,
  "stop_trigger_rate": 0.0,
  "pull_trigger_rate": 0.0,
  "fills_when_stop": 0,
  "fills_when_pull": 0,
  "pnl_when_stop": 0.0,
  "pnl_when_pull": 0.0,
  "realized_spread_1s": 0.08292449280559999,
  "realized_spread_5s": 0.09663985086495148,
  "realized_spread_15s": 0.09653232398323555,
  "markout_1s": 0.009849570200571763,
  "markout_5s": 0.02354838709676565,
  "markout_15s": 0.023440860215049722,
  "inventory": {
    "mean": 0.03188143446524932,
    "p10": -0.10574999999999998,
    "p90": 0.14455000000000007,
    "p95": 0.16875,
    "max_abs": 0.26539999999999986
  },
  "fee_breakdown": {
    "fees": 0.0,
    "rebates": 0.0,
    "funding": 0.0
  }
}