{
  "num_blocks": 3125,
  "num_fills": 1509,
  "notional_traded": 239789.11695616582,
  "fill_rate": 0.24144,
  "pnl": 3.707022991043994,
  "max_drawdown": -0.4966437902421583,
  "stop_trigger_count": 0,
  "pull_trigger_count": 0,
  "stop_trigger_rate": 0.0,
  "pull_trigger_rate": 0.0,
  "fills_when_stop": 0,
  "fills_when_pull": 0,
  "pnl_when_stop": 0.0,
  "pnl_when_pull": 0.0,
  "realized_spread_1s": 0.09169469780064692,
  "realized_spread_5s": 0.10930145917794637,
  "realized_spread_15s": 0.1029663339848407,
  "markout_1s": 0.009741550695829148,
  "markout_5s": 0.0273059057730558,
  "markout_15s": 0.020949535192563203,
  "inventory": {
    "mean": -0.005372863999999794,
    "p10": -0.13839999999999963,
    "p90": 0.12990000000000004,
    "p95": 0.1511500000000001,
    "max_abs": 0.3039
  },
  "fee_breakdown": {
    "fees": 0.0,
    "rebates": 0.0,
    "funding": 0.0
  }
}