{
  "num_blocks": 3163,
  "num_fills": 1289,
  "notional_traded": 206715.939532616,
  "fill_rate": 0.20376225102750553,
  "pnl": 1.5357086984679105,
  "max_drawdown": -0.19082499999989772,
  "stop_trigger_count": 0,
  "pull_trigger_count": 0,
  "stop_trigger_rate": 0.0,
  "pull_trigger_rate": 0.0,
  "fills_when_stop": 0,
  "fills_when_pull": 0,
  "pnl_when_stop": 0.0,
  "pnl_when_pull": 0.0,
  "realized_spread_1s": 0.056634960108364406,
  "realized_spread_5s": 0.0570616474629033,
  "realized_spread_15s": 0.051748807127082505,
  "markout_1s": 0.0007757951900673521,
  "markout_5s": 0.0012024825446062478,
  "markout_15s": -0.004114906832300396,
  "inventory": {
    "mean": -0.01698518811255138,
    "p10": -0.1335,
    "p90": 0.11584999999999995,
    "p95": 0.14464999999999997,
    "max_abs": 0.25104999999999994
  },
  "fee_breakdown": {
    "fees": 0.0,
    "rebates": 0.0,
    "funding": 0.0
  }
}