{
  "num_blocks": 3195,
  "num_fills": 900,
  "notional_traded": 88727.55817639918,
  "fill_rate": 0.14084507042253522,
  "pnl": 0.575342785015364,
  "max_drawdown": -0.5519504477478406,
  "stop_trigger_count": 0,
  "pull_trigger_count": 536,
  "stop_trigger_rate": 0.0,
  "pull_trigger_rate": 0.1677621283255086,
  "fills_when_stop": 0,
  "fills_when_pull": 69,
  "pnl_when_stop": 0.0,
  "pnl_when_pull": 0.5135814227376908,
  "realized_spread_1s": 0.06338345144983173,
  "realized_spread_5s": 0.06316122922761173,
  "realized_spread_15s": 0.05478296915906814,
  "markout_1s": -0.0012777777777793946,
  "markout_5s": -0.0014999999999993937,
  "markout_15s": -0.009910913140318995,
  "inventory": {
    "mean": 0.018891502347418262,
    "p10": -0.10935000000000003,
    "p90": 0.1379500000000007,
    "p95": 0.15365000000000048,
    "max_abs": 0.3003
  },
  "fee_breakdown": {
    "fees": 0.0,
    "rebates": 0.0,
    "funding": 0.0
  }
}