{
  "num_blocks": 3152,
  "num_fills": 1355,
  "notional_traded": 216405.6570023287,
  "fill_rate": 0.21494289340101522,
  "pnl": 1.3812226525867288,
  "max_drawdown": -0.2586014945588986,
  "stop_trigger_count": 0,
  "pull_trigger_count": 0,
  "stop_trigger_rate": 0.0,
  "pull_trigger_rate": 0.0,
  "fills_when_stop": 0,
  "fills_when_pull": 0,
  "pnl_when_stop": 0.0,
  "pnl_when_pull": 0.0,
  "realized_spread_1s": 0.06005619929353065,
  "realized_spread_5s": 0.062085719588735946,
  "realized_spread_15s": 0.05622315365047699,
  "markout_1s": 0.0018081180811786639,
  "markout_5s": 0.003837638376383965,
  "markout_15s": -0.0020310192023569864,
  "inventory": {
    "mean": 0.005669733502538362,
    "p10": -0.1280499999999997,
    "p90": 0.1400500000000003,
    "p95": 0.15730000000000027,
    "max_abs": 0.31180000000000024
  },
  "fee_breakdown": {
    "fees": 0.0,
    "rebates": 0.0,
    "funding": 0.0
  }
}