{
  "num_blocks": 3180,
  "num_fills": 1006,
  "notional_traded": 110023.52315490176,
  "fill_rate": 0.1581761006289308,
  "pnl": 1.0497586354213813,
  "max_drawdown": -0.28079321008542135,
  "stop_trigger_count": 0,
  "pull_trigger_count": 558,
  "stop_trigger_rate": 0.0,
  "pull_trigger_rate": 0.17547169811320754,
  "fills_when_stop": 0,
  "fills_when_pull": 72,
  "pnl_when_stop": 0.0,
  "pnl_when_pull": 0.3587848995138918,
  "realized_spread_1s": 0.056124885267006895,
  "realized_spread_5s": 0.0561807309239899,
  "realized_spread_15s": 0.0568840981858701,
  "markout_1s": -0.0022862823061663667,
  "markout_5s": -0.002238805970151516,
  "markout_15s": -0.0015438247011935885,
  "inventory": {
    "mean": 0.001097044025157364,
    "p10": -0.12064999999999979,
    "p90": 0.1247000000000002,
    "p95": 0.14385000000000006,
    "max_abs": 0.19049999999999992
  },
  "fee_breakdown": {
    "fees": 0.0,
    "rebates": 0.0,
    "funding": 0.0
  }
}