{
  "num_blocks": 3104,
  "num_fills": 872,
  "notional_traded": 91824.26073765144,
  "fill_rate": 0.1404639175257732,
  "pnl": 0.18247740348327096,
  "max_drawdown": -2.3620036752628675,
  "stop_trigger_count": 0,
  "pull_trigger_count": 704,
  "stop_trigger_rate": 0.0,
  "pull_trigger_rate": 0.2268041237113402,
  "fills_when_stop": 0,
  "fills_when_pull": 149,
  "pnl_when_stop": 0.0,
  "pnl_when_pull": -0.038403945133081485,
  "realized_spread_1s": 0.09915993095563864,
  "realized_spread_5s": 0.10438885041650332,
  "realized_spread_15s": 0.09160126858404329,
  "markout_1s": 0.012743972445472188,
  "markout_5s": 0.018160919540233755,
  "markout_15s": 0.005247981545571673,
  "inventory": {
    "mean": -0.07670318943298961,
    "p10": -0.14734999999999993,
    "p90": 0.018800000000000077,
    "p95": 0.06110000000000008,
    "max_abs": 0.42179999999999995
  },
  "fee_breakdown": {
    "fees": 0.0,
    "rebates": 0.0,
    "funding": 0.0
  }
}