{
  "num_blocks": 3172,
  "num_fills": 1247,
  "notional_traded": 200429.63164708557,
  "fill_rate": 0.19656368221941992,
  "pnl": 1.9011231490376885,
  "max_drawdown": -0.39504115313429805,
  "stop_trigger_count": 0,
  "pull_trigger_count": 142,
  "stop_trigger_rate": 0.0,
  "pull_trigger_rate": 0.04476670870113493,
  "fills_when_stop": 0,
  "fills_when_pull": 104,
  "pnl_when_stop": 0.0,
  "pnl_when_pull": 0.7720978074498706,
  "realized_spread_1s": 0.060806505283711586,
  "realized_spread_5s": 0.05812657471009783,
  "realized_spread_15s": 0.06496041131629236,
  "markout_1s": -0.0017642341619937326,
  "markout_5s": -0.004454253611566982,
  "markout_15s": 0.0023694779116384046,
  "inventory": {
    "mean": 0.008718442622950929,
    "p10": -0.12113999999999982,
    "p90": 0.13155000000000014,
    "p95": 0.1520500000000001,
    "max_abs": 0.28179999999999983
  },
  "fee_breakdown": {
    "fees": 0.0,
    "rebates": 0.0,
    "funding": 0.0
  }
}