{
  "num_blocks": 3180,
  "num_fills": 1008,
  "notional_traded": 110198.90757499993,
  "fill_rate": 0.15849056603773584,
  "pnl": 1.0512862099807272,
  "max_drawdown": -0.37494672436159426,
  "stop_trigger_count": 0,
  "pull_trigger_count": 558,
  "stop_trigger_rate": 0.0,
  "pull_trigger_rate": 0.17547169811320754,
  "fills_when_stop": 0,
  "fills_when_pull": 74,
  "pnl_when_stop": 0.0,
  "pnl_when_pull": 0.5151491301076941,
  "realized_spread_1s": 0.059231680155596406,
  "realized_spread_5s": 0.06018424388961487,
  "realized_spread_15s": 0.057212260036626335,
  "markout_1s": -0.0005952380952402607,
  "markout_5s": 0.00034756703078351497,
  "markout_15s": -0.0026341948310108425,
  "inventory": {
    "mean": -0.0003641823899369542,
    "p10": -0.12204999999999978,
    "p90": 0.12671500000000008,
    "p95": 0.14561000000000004,
    "max_abs": 0.27010000000000023
  },
  "fee_breakdown": {
    "fees": 0.0,
    "rebates": 0.0,
    "funding": 0.0
  }
}