{
  "num_blocks": 3178,
  "num_fills": 1362,
  "notional_traded": 190453.009650579,
  "fill_rate": 0.21428571428571427,
  "pnl": 2.3321878216521674,
  "max_drawdown": -0.36270390926930274,
  "stop_trigger_count": 0,
  "pull_trigger_count": 0,
  "stop_trigger_rate": 0.0,
  "pull_trigger_rate": 0.0,
  "fills_when_stop": 0,
  "fills_when_pull": 0,
  "pnl_when_stop": 0.0,
  "pnl_when_pull": 0.0,
  "realized_spread_1s": 0.07423972783281041,
  "realized_spread_5s": 0.08339302155021007,
  "realized_spread_15s": 0.07595026478134244,
  "markout_1s": 0.004295154185018287,
  "markout_5s": 0.013419117647053808,
  "markout_15s": 0.005932203389822935,
  "inventory": {
    "mean": 0.05395862177470167,
    "p10": -0.08708499999999991,
    "p90": 0.15940000000000082,
    "p95": 0.17870000000000083,
    "max_abs": 0.2772500000000008
  },
  "fee_breakdown": {
    "fees": 0.0,
    "rebates": 0.0,
    "funding": 0.0
  }
}