{
  "num_blocks": 3164,
  "num_fills": 912,
  "notional_traded": 122610.93009999998,
  "fill_rate": 0.14412136536030343,
  "pnl": 0.9265856663596064,
  "max_drawdown": -0.34023252250495517,
  "stop_trigger_count": 0,
  "pull_trigger_count": 299,
  "stop_trigger_rate": 0.0,
  "pull_trigger_rate": 0.09450063211125158,
  "fills_when_stop": 0,
  "fills_when_pull": 61,
  "pnl_when_stop": 0.0,
  "pnl_when_pull": 0.6113438510194118,
  "realized_spread_1s": 0.06443118720604814,
  "realized_spread_5s": 0.06510564515029107,
  "realized_spread_15s": 0.06436880388548002,
  "markout_1s": 0.004879385964914574,
  "markout_5s": 0.00554335894621465,
  "markout_15s": 0.004785478547842179,
  "inventory": {
    "mean": -0.04801978508217475,
    "p10": -0.1499000000000003,
    "p90": 0.08985500000000018,
    "p95": 0.11324999999999988,
    "max_abs": 0.24435000000000048
  },
  "fee_breakdown": {
    "fees": 0.0,
    "rebates": 0.0,
    "funding": 0.0
  }
}